text,label
"정유사, 中봉쇄,고유가에 웃고 울었다…내년 최악 전망 속 ‘출구전략’ 사활 (어떻게 보십니까 2023-에너지)",1
"EU 탄소국경제 기업에 고통…손경식, 정부에 대비책 요청",0
"(주춤하는 ESG) 환경독일마저 과거 회귀,,,국내기업들 적자 속 투자 부담 늘어",0
‘기업 성장일자리 증가’ 공식 깨졌다…대표 기업 15곳 살펴보니,0
유연탄 폭등에 중대재해까지…쌍용C&E 사 비상경영돌입,0
전쟁으로 우려되는 ‘공유지 비극’(김성모 기자의 신비월드),0
"건설기간 30% 짧고, 안전기준 위반 수두룩…물류센터 화재 예고된 인재였다",0
석유화학 '불패신화'...한화솔루션도 웃었다,2
"진짜 위기 오나…SK,LG,삼성 총수들, 줄줄이 ‘사장단 회의’",0
"국내기업 CEO, ESG 인식 높지만 투자에는 소극적",0
"탄소중립 내세우며… 일부 환경단체, 해외사업까지 ‘발목’",0
"'오타니 특수'에 후원사도, 日 자본주의 아버지도 '덩실' [정영효의 일본산업 분석]",1
민주 대선판 '1위 이재명 경기도지사' 견제구 심화,1
"포스코, 미얀마군부와 합작사 운영… ESG 리스크 ↑",0
"中企 4곳 중 1곳만 ESG 대비…비용 부담,인력 부족 탓",0
글로벌 경기 둔화 우려에 양 시장 외국인 매도세,1
"[2021 GGGF] 인류사회 위기 극복해야...與野, 지속가능성장에 한목소리",1
"DL건설, ESG 경영 평가 A등급…전년 대비 한계단 올라",2
"美상원 위원장 애플,테슬라, 中인권,환경문제 외면 비판",0
"(Business Inside) 김범수 의장 탈세의혹,CEO ‘먹튀양성소’ 오명, 주가 폭락에 개미 원성까지 벼랑 끝 몰린 카카오",0
"“법에 막혀 폐플라스틱 재활용 한계' 기업들, 정부에 개선 건의",1
"[단독]쿠팡 덕평물류센터 참사, 'ESG 평가' 경고했었다",0
"'벌처펀드 대가' 다트, 담배회사 두 곳에 7조7000억 투자",1
"홈플러스, 난이 농산물할인 판매..상생 실현",2
'가짜 ESG'에 신음하는 기업들[우보세],0
"文, 이재용 사면론 기류변화… “형평성 고려해야'→“고충 이해'",1
“동남권 철강산업 환경규제 부정적 영향 커',0
"ESG 성과점수 상위권 호텔신라, 통합점수는 밀렸다?",1
[국감] ‘온실가스 감축량 업계 최하위’ 지적에 삼성전자 “저감율 높일 것',0
[단독] 文정부 석탄발전 수출 중단에 '필리핀 발전사업' 철수,1
"S의 그림자, 횡령,담합,안전사고에 발목잡힌 상장사들",0
[IT 이슈 리마인드] ② 국회 압박에 꼬리 내린 구글·애플 外,0
[2021 국감] 권칠승 장관 “소상공인 회복 집중… 손실보상 만전 기하겠다',2
"품질=고객 안전…현대차, ESG 깎아내린 리콜 사태",0
SK종합화학 지분 매각 에쓰오일도 ‘거절’…PEF 각축전 되나[마켓인사이트],1
"공기업 중 LH공사 ESG리스크 최대, 리스크 큰 11개사는?",0
"'ESG 우등생' 네이버, S&P선 꼴찌 수준…기관마다 '널뛰기 평가'",1
경영학자 10명 중 6명 “韓 경영환경·기업강정신 선진국에 뒤처져',0
수출기업 절반 계약파기 위기…ESG 실사비용 지원을',0
자원순환체계 훼손하는 중국産 ‘가짜 재생 원료’,0
"머스크, 무원 성추문지…테슬라 잇단 악재",0
[하태훈의 법과 사회]가짜로 오염된 소셜미디어,1
中企 홀로 ESG 대응 불가능…대기업 노하우 전수 절실,0
국내 기업 10곳 중 9곳 “反기업 정서 개선 시급',0
"LG전자, 협력사 사업장 화재,안전사고 막는다",2
"포스코·LG, 점수 낮은 협력사 계약 해지...발등의 불 된 ‘ESG’",0
"엘오티베큠, 디스플 필수 드라이펌프 공급부족 심각 삼성電 핵심부품 납품중",1
"(단독) 에코프로비엠 주식 내부자거래로 금융위,검찰 수사…추가 수주 비상등",0
전경련 국내외 ESG 평가등급 격차 커…코리아 디스카운트 우려,0
취준생들 어쩌나...대기업 68% “하반기 채용 계획 없거나 미정',0
포스코홀딩스 출범… ‘포항 이전 갈등’ 불씨는 남아,0
LNG 발전 포함된 녹색분류체계 공개…환경단체 제도 취지 훼손 비판,0
"네이버, 여성임원 비율 높았지만 S 리스크 부각",0
공공기관 평가점수 44%가 '사회적가치'...재무는 고작 9%,1
"기후변화, 은행·기업들의 재무 리스크로 봐야",0
코로나19도 못막은 카카오 '매출 4조 시대'(종합),1
"택배노동자 사망한 CJ대한통운, ESG 등급 하락",0
기후위기 리스크 경고한 한은 “친환경 부문에 자금 공급',2
"카카오 노조 류영준 대표 내정자 사퇴, 당연한 결정",1
"서울반도체, 美 조명 기업 파이트 상대로 특허 침해 소송",1
전북건설업계 ESG 낙오기업 전락 우려,0
"위기의 롯데, 유통수장 첫 외부 수혈…대규모 임원 인사 단행",1
지역 경제 활성화 vs 지자체 예산 부담… 지역화폐 존폐 기로 (심층기획),1
[단독] ESG 공시법안 난립…기업은 고달프다,0
'국감 출석' 홍원식 남양유업 회장…제3의 매각대상 찾겠다,1
역대급 위기의 남양유업…ESG로 반전 필요,1
"UN본부에 전시됐던 한솥도시락, ESG경영철학이 빚은 '100% 국산김치 사용'",2
"[시그널] EY한영, 외형·내실 다잡았다…'매출 5,300억에 영업이익율 6.5%'",1
"쿠팡 1000억 자사주, 사무직 직원은 못 받는다",1
[금융 新패러다임 ESG]삼성생명법·금융집단감독법…'과잉규제' 우려,0
"박찬구 금호석화 회장, 최대 실적 내고 '용퇴'…전문경영인 체제로",1
[마켓인사이트]LG전자 회사채 수요예측에 1.2조원 '뭉칫돈',1
"공정위, 5년간 대기업 과징금 5700억… 현대차 1위 '불명예'",0
"민주 韓, 국정농단 홍역에도 무디스 지배구조 평가 1등급…놀랍다",2
"애플,테슬라, 中 인권,환경문제 외면'",0
기후위기 대응 불 밝힌 기업들,2
"쿠팡 빠진 ㈜한진, 3분기 영업익 31% 감소",1
ESG ‘A등급’이라더니…윤리경영에 문제 드러낸 IT 기업들,0
알루미늄 작가 윤경렬이 환경 파괴에 던지는 '경고',1
"수탁위가 기업 소송 자루쥘 판인데, 회의록,추천단체 비공개…깜이논란",1
中 문 닫자 아모레퍼시픽 2Q 적자전환...1년 6개월만,1
"CJ제일제당, 체력 개선에도 과도한 저평가 상태-NH",1
"시민단체들 HDC현대산업개발 주총 안건, 쇄신의지 부족",0
"'분할 상장' 에코프로에이치엔, 장중 10% 급락한 까닭",1
"에너지대란에 석탄발전 부활… 탄소중립,ESG도 역주행",0
SK텔레콤 '긴급 SOS'-소방청 '119 안심콜' 연동,2
"글로벌 공급망 ‘ESG 실사’에 속수무책…국내 수출기업 절반, 계약 파기 ‘위기감’",0
"주주대표소송, 기업 투자 의욕 훼손 …정치,이념적 주주권 행사는 부적절",0
지역기업들 ESG 중요하지만…비용 증가 우려,0
정성권 아시아나항공 대표 “ESG경영은 혁신의 핵심…기대 못 미치면 생존 위태',1
코로나 팬데믹서 '점프'…혁신으로 위기 넘은 기업들,1
"상단부 문제로 연기된 '차세대중형위성 1호', 22일 재발사 시도",1
삼척블루파워 회사채 수요 '0'…ESG 확산에 투자자들 외면,1
기술주 폭락에…1년만에 푹 꺼진 ESG 투자(기로에 선 기후정책③),0
"‘코로나 특수’로 성과급 잔치 금융지주들, 사회공헌금은 줄였다",0
"[더벨]'적자폭 축소' CBI, 공장 이전 배치해 비용 절감",1
중소기업 절반이상 ESG경영 스스로 미흡하다고 느껴,0
"EU 탄소국경조정제, 수출 기업에 부담…무역장벽 우려'",0
기업들 “2050 탄소중립…당장은 위기요인',0
[시그널] 무디스 공격적 투자 부담…SK E&S 신용등급 강등,1
[유통도 ESG ⑫] 뷰티기업 순위대로 아모레.LG생건 'A등급'...나머진 과락,1
"'ESG 모범생'이라던 유니레버, 홍차 매각하는데 ESG가 발목",0
“지역 중소기업 ‘ESG 경영’ 인식 부족',0
에코프로에이치엔 장중 10% 급락…이유는 바로,1
"'롯데 껌' 신화에 갇힌 롯데, 신동빈이 깰까",1
납품업체 탄소배출량까지… ESG 공시 부담에 떠는 기업들,0
"우리금융, 글로벌 기후변화 리스크 전략 반영… 석탄발전소 신규대출 약정도 중단",2
"‘인적분할 기대감’ LG, 거래정지 앞두고 불티",1
"안다운용, SK케미칼에 주주서한 SK바사 물적분할로 주주가치 훼손",0
업무·비용 부담에 개념도 모호...ESG 경영 주저하는 중견기업,0
"기관,사업 혁신 해의 중진공人 누구 ",1
"수익 챙긴 증권사, 양성평등은 못 챙겨… 남녀 임금 격차 대 2배",0
산재에 책임회피 확산되는 '쿠팡 탈퇴' 주가 영향은,0
ESG 공시 의무화 이어 재무제표까지…기업 부담 쌓인다,0
지구의 승리!… '기후변화 역풍' 맞은 글로벌 석유기업들,0
수출입 중소기업 87% “1년 이상 물류난 지속 전망',0
ESG로 멈췄다…10조 넘게 쏟아부은 도화설비 전쟁,0
"ESG 앞장서는 SK, 최신원 회장 횡령에 발목",0
'그린워싱' 방지 나선 EU...한국 기업엔 오히려 기회,1
SK 회적가치 18조4000억 창출…환경에선 -2조9000억 부정 성과,0
"홈플러스,롯데쇼핑 등 유통업계, 신용도 하락에 자금조달 부담↑",1
"여긴 'AA'인데 저긴 'CCC'···못믿을 ESG 등급, 기관별 제각각",1
"POSCO·KCC·한화 등 소재업종 ESG, '리스크' 노출로 휘청",0
홍보문구만 친환경인 척…'가짜 친환경' 주의보,0
"ESG 열풍에 힘못쓰는 '죄악주'…외국인 KT&G, 강원랜드 매도",1
'원자재 수급 애로·글로벌 물류난'에 투자계획 못세운 기업들,1
롯데 신동빈 “실패보다 나쁜 건 실패조차 없는 것',1
文대통령 가입 뉴딜펀드 수익률 저조,1
글로벌 경쟁업체 추격 속 올스톱.. 대규모 투자·M&A ‘물거품’ 우려,1
안전소홀 기업은 투자 못받아…'깐깐한 ESG'가 산재 막는 방패,1
[동십자각] ‘그린워싱’이 위험한 이유,0
"카카오, 먹튀 논란에 계열사 경영 직접 관리로 신뢰회복 나서",2
ESG 미흡한 협력사 줄퇴출 위기…정부 대기업이 끌어줘야,1
"“대기업 64%, 올해 상반기 채용 없거나 미정' [한경연 조사]",0
"(국감브리핑)로만 친환경 경영, 일회용품 저감에믄 무관심한 공공기관",0
"최태원 “공정위 실트론 제재, 아쉬운 결과···반성할 부분 반성'",1
"파이퍼샌들러 비욘드미트, 3분기 매출 감소할 것…목표주가 하향 [강영연의 뉴욕오프닝]",1
[2021 GGGF] 선진국 걸맞은 기업 가치 없인 역풍 분다···기후변화 대전환 필요,0
"[시그널] '착한 채권' 도전하는 롯데글로벌로지스, 택배법 이슈에 '발목'",0
"현대제철, 작년 영업익 730억…코로나 여파에 전년비 78.0%↓",1
"ESG 리스크, 기업의 지속가능성 위협...ESG 점검해야",1
"'70달러 돌파' 유가, 더 가나 멈추나…정유·항공·석화·조선업계 '촉각'",1
고승범 이번엔 증권 빚투 경고…과도한 레버리지는 자신시장 거품,1
한덕수 총리 후보자 19억 고문료 논란…로펌 고문들 무슨일 하길래,1
아직도 먼 ESG…국내 제조기업 62.3% “친환경 신사업 추진계획 없다',0
[마켓인사이트]국민연금 사외이사 추천 사실상 무산 수순…“기습 발의 막을 제도적 보완 필요',1
김준 친환경 전환은 위기이자 기회…SK이노 'ESG리포트' 발간,1
코로나에 'ESG쓰나미'까지...기업 생존의 '이중고 파고',0
아기욕조서 612배 환경호르몬… 피해자엔 달랑 위자료 5만원,0
기업들 ESG 평가지표에 혼란 가중… '한국형 표준안' 만든다,1
"소상공인들 “대기업, 폐플라스틱 재활용 사업 철수해야'",1
국내 200대 기업 80% 'ESG 리스크'에 노출,0
SK바이오팜 난해 사회적가치(SV) 1521억원 창출,2
"기업경영환경 선진국 대비 열악, 기업가정신도 쇠퇴",0
[기자수첩]카카오 '먹통' 꼬리표 언제 떼나,0
[기자의눈] 주가 하락의 아이콘 '한국전력',1
"이재명 보수언론, 일산대교 무료화 정치공세 즉각 중단해야",1
"카카오만 집중적으로 때렸는데, 네이버 왜 덩달아 폭락했나 [View & Review]",1
김범석 사임 예정됐다해도···쿠팡탈퇴로 이어진 'MZ 분노',0
"삼성중공업, '어닝쇼크+무상감자+유상증자'에 15%대 급락",1
[단독]與野 '한국형 ESG' 초당적 논의…SK-LG에 '러브콜',1
상장사 68%는 ‘3%룰’로 부담…대한상의 기 정부선 개선해야,1
경제수장도 '인플레 경고'…심각해진 정부,1
"이재명 제 합리화,정부가 할 일유연근로제 확대 요구엔 난색",0
"3%룰이 부른 '가족의 난', 기업 필수 된 선한 경영 'ESG' [올 주총 이슈 2제]",1
'코로나수혜'에도 식품업계 절반은 사회공헌 줄였다...기부액 CJ제일제당KT&G 순,0
[기자수첩]중소기업에 너무 먼 ESG,0
"삼정KPMG 테크 기업, 에너지 사용 등 ESG 리스크 직면해",0
"‘오백슬라’ 되나… 테슬라, 최대 리스크는",1
"[압박받는 ESG경영] '발등의 불' 된 ESG… 기준은 제각각, 기업은 우왕좌왕",0
"[시그널] '역외 탈세' 칼 빼든 당국…PEF, M&A 위축 불가피",1
"에듀윌, ‘편법 증여’ 했나…회장 일가 회사에 일감 몰아줘 논란",0
"[OBS 비즈투데이] 美 ITC SK, LG 영업 비밀 침해 명백 外",1
[컨콜 종합]LG유플 황현식 '찐팬 전략' 먹혔나…분기 최대 영업익,1
"상장사 회계감사,ESG 공시 부담 커…금융당국 기업 의견 반영해 제도 개선",1
엄격해진 ESG 잣대…한전 발전자회사·철강사도 '곤혹',0
"[삼성 3년간 240조 메가투자] 점점 커지는 미래위기… 이재용, 구원투수 전면 나서",1
"HDC현산, 상반기 매출 늘었지만 영업이익 적자전환",1
'여성 이사' 모시기 혈안된 기업들…전문가 '구인난',1
"“철강업, 탄소제로에 30년간 68조원 들어… 국가적 지원 필요해'",0
기업 42% “친환경 신사업 위해 세제-금융 지원 시급',0
'방탄천장' 됐나…ESG 경영 바람에도 금융사 유리천장 여전(종합),0
"선의가 다가 아냐 봇물터진 ESG 시대, 다논의 경고",1
"불황에 거세진 ESG 역풍 구호 아닌 성과를 보여줘야(광화문에서,신수정)",1
롯데케미칼·네이버 등 16곳 ESG 등급 하향,0
"건물 붕괴에 잇딴 화재, 건설·부동산 'S' 리스크 '빨간불'",0
글로벌 ESG 공시기준 제정 눈앞…기업에 과도한 부담 우려,0
"롯데케미칼, 눈물의 적자,,,흔들림 없이 그린사업 투자 잇는다",2
"(사설) 어이없는 상장사 횡령사고, 소액주주 피해 줄여야",1
"'미중 경쟁서 ESG까지', 기업 의사결정 더 어려워져…대한상의 웨비나",1
"강병원 국민연금, 日전범기업에 1.5조 투자...국민 정서에 맞지 않아",0
"서울반도체, 美 최대 가정용 조명회사 이트상대로 특허침해 소송",1
대기업 ESG 경영 요구 느는데… 협력 중소기업 지원 없어 부담,0
글로벌 환경규제로 동남권 철강산업 어려움 가중될 전망,0
"이위환 건설근로자공제회 CIO 코로나1년, 대체자산 리스크 우려",1
"내부통제 부실·유리천장…금융권, 혁신없는 지배구조",0
힘 빠진 ESG…수익률 ‘뚝’ 反ESG 펀드도 등장,0
국내 소비자 EGS 평가 파트 건설사 제일 못 해,0
[단독] M&A 좌우할 'ESG 성적표'…구조조정 급한 기업들 발등에 불,0
"(매경데스크) 복지,ESG에 밀려 찬밥 신세 세나",1
8000만원 더 달라는 삼성 노조…어떻게 생각하십니까 (비즈360),0
파업 시 서비스 불통…네이버 계열사 노사 갈등 격화,0
"[생생경제] 아시아나, 대한항공 M&A 지지부진한 이유...이렇게 한가하게 있을 때 아냐",1
日 '기후변화 리스크' 공시 의무화,1
지난해 중견기업 매출액 770조원…통계작성 후 처음으로 감소,1
車배터리 소송 밀린 SK… ‘특허소송’ 카드로 판세 뒤집기,1
"에너지공공기관 ‘유리천장’ 깨졌다…한전, 123년 만에 첫 여성 본부장",2
"국내 수출기업 절반 이상 공급망 ESG 경영 미흡, 계약 파기 걱정",0
'ESG 경영' 외쳤지만 지배구조 B·C등급…공염불된 금융사 ‘G’,0
이재명 “보은인사 아냐' 이낙연 “채용비리 많아'…황교익發 명낙대전 확전하나,1
"카카오 작년 4분기 영업이익 27% 감소…인건비,투자 증가",1
"독일 검찰, 현대차,기아 압수수색…‘배기가스 조작혐의’",0
"“글로벌 투자자, ESG 개입 증가…국내 기업 선제대응 필요'",1
"여성이사할당제 시작되는데… 기계,중공업 기업은 성천하(노동시장 경직 여전)",0
"난립하는 ESG지수에 기업 혼란…정부, 한국형 'K-ESG' 표준 만든다",1
매경·NH證 '한국형 ESG지수'…금융계 러브콜,1
"하나은행, ‘적도원칙’ 가입…“환경파괴 우려 PF엔 금융지원 안 해'",2
불붙은 금호석화 경영권 분쟁…배당확대·ESG 경영 최대쟁점,1
"삼정KPMG 테크 기업, 에너지 사용,보안 등 ESG 리스크 직면",0
"위니아딤채, 올해 자발적 리콜 26만대…잔량 9만대",0
"'호실적의 역설' AAA 눈앞에 둔 포스코, 탄소세 우려에 발목 잡히나",0
"파업도 고려…네이버노조, 5개 계열사 쟁의행위 본격화",0
"롯데케미칼, 지난해 영업이익 68% 감소한 3533억원",1
국민연금 투자 기업들은 범생 관리 잘 되는데…ESG로 압박 더하는 수탁위,1
"[유통도 ESG?] 현대百그룹, 환경 부문 대기업 평균미달",0
(기고) 재무성과 간과하는 ESG는 위험,1
국민연금 SG 범위확대…무분별한 주주권 행사 우려,0
연일 치솟는 유가에…페인트업계 적하락 쇼크,1
제품 디자인까지 제한 과도한 경 족쇄 …中企 수출경쟁력 악화일로,1
"ESG 공시 표준화해야…韓기업, 세계기준과 아직 격차",0
"엔씨소프트, 국내 플랫폼,게임 기업 중 ESG 위험 가장 낮아",2
"[클릭 e종목] 삼성물산, 코로나19에 지난해 부진…주주환원과 지분가치 주목해야",1
"[유통도 ESG ⑭] '과로사 논란' CJ대한통운, 사회적책임 개선 박차",2
"8천억 투자했는데…SK E&S 참여 ‘바로사 가스전’, 항소심서도 패소",1
도쿄올림픽 종이침대 논란에…한국 기업은 훨훨 날았다,1
"3%룰 이어 대표訴,탄소중립까지…잇단 경영권 제약에 기업 전전긍긍",0
"기차 1위테슬라, S&P ESG 지수서 퇴출 충격…머스크는 사기(종합)",0
현장 책임자들 과실치사 적용 가능성…근로자 사망 없어 대표는 처벌 면할듯,0
재계 “기업 경영 비효율화 부작용'…시민단체 “주주자본주의 선진화 결실' [헤럴드 뷰-소액주주운동 명과 암],0
"한국금융지주, 증시 거래대금 감소 반영해 목표주가 10만원으로 하향 (SK증권)",1
현대제철 ‘친환경 경영’ 순항…‘녹색채권’에 2조원 넘게 몰려,2
"[1보] 현대제철, 코로나19에 휘청···지난해 영업익 78% 줄어",1
‘7명 사망 화재’ 현대百 대재해법 적용 우려…신용도 흔들리나,0
다올투자증권 LG 목표가 11만원9만원…성장지분 가치 감소 영향,1
유럽 ESG 경영 의무 법제화 추진…새로운 비관세장벽 우려,0
건설사로서 가치 상실…광주 참사 현대산업개발 정몽규 퇴진하나,0
'차선 두고 최악' 상법 3%룰 밀어붙인 여당…대안은,1
조오섭 도공사 태양광사업 실적 0%,0
수익성 논란에… 美·EU ‘녹색채권’ 규제 강화,1
꼬여만 가는 나주 SRF 발전소 갈등 어쩌나,1
"공익·환경만 강조하다 경영 망가진 ‘다논’… ESG, 과연 좋기만 한 것일까",1
"[한승주 칼럼] 박카스 불매운동, 그 너머",0
K-택소노미서 빠진 원전… 해외 수주전 치열한데 수출길 악재,1
석탄 투자에 지역사회 문제까지…한국전력 ESG 어쩌나,0
정은보 시장조성자 과징금 증권사에 과도한 부담…금융위와 논의해 결론낼 것,1
"포스코서 구매대행, 철강업계 '적과의 동침'",1
LG디스플레이 등 18개사 ESG 등급 하향조정,0
[시그널] 희비갈린 회사채…사조산업·팬오션 '온도차',1
"한국, 기후변화로 매년 18조 손실",0
"삼바, 026년 바이오 의약품 공급 차질 빚을 것…초격차 경쟁력으로 고객사 신뢰 구축",1
서울반도체 특허 침해 말라 美 업체에 소송,1
또 다른 '갑질 임원' 신고했지만…징계 없이 종결,0
이번엔 불가리스 파문에 우는 남양유업 대리점들,0
[앤츠랩]'수주 풍년' 한국조선해양…그런데 현대중공업 IPO는 왜?,1
"애플發 탄소압박… 삼성,LG, 수출 장벽 더 높아졌다",0
수출기업 2곳 중 1곳 ESG 미흡으로 계약파기 위기감 느껴,0
"대한상의 “우리나라 ESG 투자, 양과 질 모두 취약'",0
수출 회복에도 기업은 3중고…경쟁격화에 마진·점유율 뚝,1
"롯데, 불공정행위 피해 기업과 상생 기회 또 놓쳐 … 조정 합의 실패",0
"지방공기업 새 평가 기준, ‘사회적 가치’ 밀렸다",1
남혐 vs 여혐 정치권도 부추긴 젠더갈등...일자리가 답이다,1
노조 설립 후 주가 폭락한 스벅...결국 은퇴한 황제마저 복귀 (추적자 추기자),0
"[해양수산칼럼] 부산신항 하역계약, 이대로는 안 된다 /남기찬",1
반기문 유엔의 석탄발전 감축 기대 못미쳐…기업 탈탄소 기술 적극 나서야,0
경제단체 새 바람 부는데…'구인난' 전경련은 경총 통합설까지,1
한국 환경위기시각 9시 28분…위험 단계,1
폴리실리콘값 날자 OCI '실적 점프'…한화큐셀은 먹구름,1
국민연금도 외면… 한국 ESG는 그린워싱(위장 환경주의),0
"포스코, 타사 사례와 다른 물적분할 결정…과도한 우려-유안타",1
"[되돌아본 2021]④ 광주시 대형 사업, 행정소송에 줄줄이 제동",1
무디스 평가에 환호한 與 vs 野 고용 참사에도 자화자찬 [여의도 브리핑],1
"삼성SDI, BMW·볼보·구글과 “심해저 광물 채굴 중단' 선언...배터리업계 유일",2
증시 변동성 여파 ‘친환경펀드’도 고전...‘수소경제’ 펀드만 선전,1
EU의 ‘ESG 경영’ 의무화 추진에 한국 중소기업들 ‘발등에 불’,0
금호석유 ‘조카의난’ 점입가경…박철완 요구한 사외이사 누구 ,0
"제조기업 91% 하반기 글로벌 공급망, 상반기와 비슷하거나 악화",1
"키움증권, 카카오 목표주가 7만 2000원…28% 하향",1
산은 '1호' 뉴딜예금 출시…예금상품 외면에 후속작은 '글쎄'(종합),1
카카오 먹통 사태 원인조사 소위원장에 이확영 그렙 CEO,1
정치권 압박 속 주목받는 국민연금의 '책임투자’ 행보…오히려 일부기업 주주권은 내려놔,0
총수 부재에 ESG 경영도 위기,0
“ESG 경영하는 척하는 ‘그린 워싱’땐 외면당한다',0
"현산 불똥…현대EP, ESG債 발행 연기",0
"'주가 하락' HMM, 배당 확대 등 주주환원 적극 나설 것",1
금호석유 역대급 실적 속 박찬구 대표이사 사임…“전문경영인 체제 전환',1
"플랫폼 업계, 율규제 기대반 우려반",1
"세계13위 한국증시, 내적으론 미성숙 … ‘코리아 디스카운트’ 해소 발목'",1
"[종합] SK하이닉스, 차세대 D램 공장 M16 준공...최태원 “작년 연봉 모두 반납'",1
시총 2조 회사가 구멍 가게보다 못해 10억 물렸다…오스템임플란트 880억 횡령사태에 개미들 분통,0
"SKT, 충남 백신접종 대상자 123만명에 '누구 백신 케어콜' 운영",1
늬만 친환경그린워싱 주의보,0
ESG 경영 강화하는 기업들 “신뢰 잃으면 생존 어렵다',2
반기문 전 총장 COP-26 탄소중립 시점 완화에 실망…2050년 달성 못 박아야,1
"머스크 ESG는 사기다…테슬라, S&P ESG 지수에서 퇴출",0
ESG 실천 못하는 금융사 외면받을 것,1
수요 줄고 투자 위축...배달대행업계 존 돌파구찾기 안간힘,1
"공정위, 최근 5년 대기업 과징금 5700억… 현대차 1788억 1위",0
견조한 동박에도…화학 부진에 SKC 3분기 순손실 기록,1
친환경주 너무 올랐나…'녹색 버블' 경고음,1
"대구기업 10곳 중 6곳, 내년 경제 ‘불황’ 예상…내수 부진 악순환 등 우려",1
"잇따른 산재, 정몽규 회장에게 이런 경영하고 싶냐고 물어야'",0
"산업계 탄소중립 시설투자, 세액공제 역차별 호소",1
"삼성SDI, 글로벌 기업들과 ‘심해저 광물 채굴’ 중단 선언",2
높아지는 글로벌 '탄소장벽'…저탄소 기술개발 지원 절실,0
美월가 흔든 '빚투' 현대모비스로 불똥..아케고스 대표가 사외이사,0
금호석화 '조카의 난' 박철완 2025년 시총 20조원 회사 만들 것,1
코로나 여파 대졸자 고용률 10년來 최저…고용질도 낮아져',0
남양유업-한샘 인수전 보니…사모펀드 명암 엇갈려,1
"이재명 중기,노동자 존중받아야…기업간 불공정 거래 일소",1
"복합위기 심상찮다신동빈 롯데 회장, 부산서 사장단과 머리 맞대",1
기업인들 ESG 관심은 많지만 개념·평가방식 모호,1
"위기의 카카오, 새 선장에 남궁훈 전 카겜 대표",1
[HERI 칼럼] 해운사 담합 면죄부 법 / 곽정수,1
"장애인고용 불이행증권사 5곳, 평균 0.73%… 돈 내면 그만",0
탄소국경조정제도 이행 시 철강업계 피해 우려,0
'항바이러스' 경쟁 불붙은 페인트 시장,1
"전경련, IFRS 재단 '지속가능성보고기준' 제정 반대...기업 소송 위험 커",1
"진보당 대구시당 제 문제로 접근하는 마트 일요 휴무 폐지 움직임, 명백한 퇴행",1
AI '누구케어콜' 자가격리·능동감시자 관리업무 85% 줄였다,1
코로나19에 원자재 수급 문제까지… 기업 90% “내년 투자계획 못 세워',1
(2022 국감) 자진 출석 카카오모빌리티...택시기사 보상 7550원 말도 안 된다 질타,0
"에이블씨엔씨, 해외·온라인 매출 증가로 2분기 적자폭 개선",1
거세진 ESG 잣대…삼척블루파워 회사채에 줄줄이 곤욕 치르는 대형 증권사[마켓인사이트],0
우려대로...저축은행 밖으로 밀려난 저신용자,1
"[시그널 FOCUS] DL건설, '대세'인 ESG채권 흥행도 실패한 이유",0
"‘미얀마 군부 지원 논란’ 포스코인터내셔널, 반부패 우수기업 수상",1
물적분할로 모회사 주주가치 훼손 운용사 목소리 높인다 (주주행동주의 본격화),0
불매운동 벌어지면 재무구조 좋아도 높은 신용등급 못 받아 [마켓인사이트],1
거래 기업 'ESG 갑질' 신고 접수,0
"G20, 코로나 이후 탈탄소 주춤…韓도 둔화'",0
"SC제일銀, 석탄 관련 기업 ‘대출 중단’",2
[시그널] 기아 첫 ESG채권에 '2兆' 뭉칫돈,2
[로터리] 경영평가는 공공기관 경영의 '조타수',1
"[시그널] 중견·중기 ESG 채권, 신용도 낮아 시장서 외면…인증도 걸림돌",1
女이사 할당제 논란..적임자 없다 VS 기업 노력 부족,0
생색내기·불통 경영…무늬만 ESG 경영 걸러내야,0
신동빈 단기실적 안주하면 더 큰 위기 올 것...기존 틀 벗어라,1
[해외 中企는 지금]실패를 부른 어설픈 ESG 전략,0
원전사고는 재앙…지속가능한 원전은 미신,0
"기업들 2050 탄소중립, 당장은 기회보단 위기요인",0
"[시그널] 베르티스, 피 한방울로 유방암 발견…SK도 반해",1
"[시그널] 'ESG 소외' 화력발전社, 회사채 발행 멈췄다",0
"S&P500 4.04%, 나스닥 4.73% 급락…인플레 압력 확인-미래",1
“2년전엔 모두 우려했지만…' M16 준공식 감격한 최태원,1
"(현장에서) ‘RE100’ 논란, 무식함과 당당함",0
"서울반도체, 특허 침해한 美 최대 가정용 조명회사에 판매금지 소송",1
"일본 의류업체들, 중국 신장면화 사용중단 잇따라",1
'부실' 이미지 깨자···사회공헌 힘쓰는 저축銀,2
"광주 붕괴사고, 우수인재 키우지 못한 건설업의 비극 (인터뷰)",0
"대안없는 에너지 전환·탄소 중립에 세계적 사회 양극화 심화했다 [더 나은 세계, SDGs] (203)",0
웃돈 얹어준대도 안산다… 석탄발전소 회사채 '전량 미매각' 굴욕,1
그린워싱에 바람美 자문사 벌금 이어 도이체방크 자산운용사도 압수수색,0
평가 전권 쥔 정부 입맛따라 기준 바꿔 …경영손실은 국민 몫,1
SK이노 “미국 배터리 사업 의미없게 하는 LG 요구는 수용 불가',1
"[종합] SK네트웍스, 해외호텔사업 부진에 1분기 영업익 35% 감소",1
"생활계 폐플라스틱 재활용 수거 사업, 대기업 시장 잠식 반발",1
한정애 “탄소중립 없이 국제 시장에서 살아남기 어려워',1
"인적분할 후 거래 첫날…LG 급락, LX홀딩스 급등 왜?",1
크리스찬 클라인 SAP CEO 기업 75% 공급망 차질…SAP 네트워크로 해결,1
김범석 쿠팡 의장 법적책임 피하겠지만...쿠팡 ESG는 비상등,0
인플레에 발목 잡힌 SG,0
"데이터센터 화재 악재 맞은 SK, 최태원 불확실할수록 데이터 기반 경영 중요",1
"삼정KPMG 년 게임,미디어 산업 긍정적...건설,증권은 부정적",1
"하반기 채용시장 암울…“대기업 68%, 계획 없거나 미정'",0
(단독) 롯데 ESG에 협력사는 …롯데百 입점업체 임금체불 8건 조사 중,0
국민연금 스튜어드십 코드 행사...주주대표소송 기업부담 커졌다,1
“中企 보호 위해 대기업 진출 막았더니 외국산만 늘었다,1
박찬구 '조카의 난' 맞불…주주들 위임장 확보 나서,1
원자재 가격 급등에 종합상사들 희비,1
[현장메모] '부정채용' 관여한 회사가 피해자라니,1
제2의 남양되려나… 분노한 소비자들 ‘#쿠팡탈퇴’ 러시,0
"삼성, 차별화 기술·LG, 최적 솔루션… 에너지 절감 ‘격돌’",2
"카카오, 모빌리티 등 내부갈등 수습 나선지만…수익성 전망은 부정적",0
"KT, 클라우드 사업 분사…주주가치 훼손 없다",1
'직장갑질'에 '초과근무' 논란까지…'ESG 우등생' 네이버의 두얼굴,0
2년 준비했는데 또 …일회용컵 보증금제 유예에 비판 봇물,0
SC제일銀 석탄 관련 기업 대출 중단,2
[김동호의 시시각각] ‘일주일 천하’ 게임스톱 사태의 교훈,1
"“총알오징어 안 팔아요'…유통가, 이유 있는 판매중단 선언 [언박싱]",1
손실과 피해 기금 합의했지만…COP27이 남긴 과제,1
"빌 게이츠, 테슬라 공매도에… 머스크 조 안팎 손실",1
[OBS 비즈투데이] LG전자 스마트폰 사업 매각 불발…최종 철수 外,1
배터리 분쟁 유야무야 못넘겨…SK이노에 합당한 배상 받을 것,1
결국 물러난 류영준... 카카오 리더십 흔들,0
"유럽 ESG경영 의무화에 현지기업 불만…자율성 침해, 리스크↑",0
"실패 문책마라, 중국엔 제품 아닌 운영,기술 팔아라'",1
기업 90% 내년 투자 계획 아직도 못세워,1
SK가 창출한 ESG 가치 ‘18조원’…경 성과는 감소세,1
주가관리 부담안은 SKIET 노재석 사장 일희일비 않고 지속성장 추진,1
"'최악' 투자심리 반도체株, 이와중에 '안전한 투자처' 꼽힌 이 종목",1
금융硏 보험업 수익성 정체 속 경영여건 개선…카드사 수익 악화될 것,1
"샤넬도 구찌도 홍보해줘···해외 명품, 한국 스타에 러브콜 왜",1
"성과점수 1위 KB금융, 부실 금융상품 판매에 발목",0
"우량주가 하룻밤새 거래정지,,,오스템임플란트 상장폐지 가능성은 ",1
<글로벌 이코노미>美 “‘강제노동’ 신장 면화 제재'… 中 “美지시 따르는 기업 보이콧',1
BNK경제연구원  환경규제 강화흐름으로 철강업체 부담 상승,0
[시그널] 친환경 열풍 타고 폐기물업체 몸값 '천정부지'…대기업 구애에도 안 팔아,1
SK이노 분리막 특허 소송 승리…LG엔솔 억지 주장 신경전,1
"기후불평등 그래픽리포트 눈길…정부,기업 책임 더 물어야'",1
강원랜드 폐광지 전담조직 축소…지역상생 설립취지 외면,0
중소벤처 ESG 성과지표 평균 52.0점…환경 분야 점수 낮아,0
[OBS 비즈투데이] 남양유업 홍원식 회장 사퇴…사태 책임 外,0
액티브 ETF 8종 첫날 성적표는 '양호'…테마형 쏠림은 '흠',1
"日, ESG 성과 나쁜 임원은 보너스 못받는다",1
제지업계 올 ESG등급 일제히 하락,0
전경련 “ESG 국제기준 제정땐 법적 분쟁 유발',1
"카카오페이 457억 역대급 먹튀,,,스크 잣대 보니 더 최악 (신재용이 고발한다)",0
GS칼텍스 소저감실천… 온실가스 감축협의체 신설,2
[정치에 발목 잡힌 경제] 전광우 차기 정권 손댈 1순위는 '국민연금·노동' 개혁,1
제너시스BBQ 가맹점 소송 취하,2
‘업비트’ 이석우 나 사태로 암호화폐에 대한 신뢰 다 잃을까 걱정,1
글로벌 증시 덮친 '치파겟돈'…車·게임기·태양광株도 흔들,1
(ET단상)탄소중립이 유발한 에너지 위기가 경제 위기로,0
"“쿠팡, 수차례 물류센터 화재 위험 지적에도 안일한 대응'",0
“탄소중립 속도조절 해야...조선업 경쟁력 타격 우려',0
"테슬라 주가, 고점 대비 반토막…올해 머스크 재산 98조↓",1
외환보유액 감소세 가까스로 멈췄지만…적정 수준 논란 지속,1
"KCGS, 포스코·효성 등 7개사 ESG등급 하향조정",0
'혐한'에도 DHC 매출 증가…日기업 ESG경영 말뿐이었나 [정영효의 일본산업 분석],0
"조광한, “생산과 소비, 사회활동 하는 우리 모두 환경오염 공범'",1
국내 산업 현실 외면한 ESG 정책 재검토해야',0
기업가치 훼손 안돼 뿔난 개미… 큰손 국민연금도 움직인다 (주주행동주의 본격화),1
"(생생경제) 강형구우리은행 내부 통제 시스템 문제 노출, ESG 경영 차질 불가피",0
"S&P, ESG 지수에서 테슬라 제외...주가 7% 급락",0
"[단독] '썬연료' 태양, 소액주주에 96억 배상",1
글로벌 협력 급제동 걸린 삼성… ‘반도체 비전 2030’ 좌초 위기,1
후진적 노사관계는 국가경쟁력 족쇄… 불법행동에 타협 말아야',0
ESG 필요성 알지만...中企 90% “도입 현실적으로 어려워',0
"[2021 국감]은행권, 현금배당 늘리면서 사회공헌 제자리걸음",0
"ESG펀드 수익률, 액티브펀드 앞질러…투자지표로 제격",1
"[시그널] 국민연금, 석탄산업 투자 배제 전략 일단 보류",0
“금소법으로 종이?프린터 대란'…은행권의 ‘짜증’ 왜?,1
HDC현산 주주 쓴소리에 대표이사 사과…신뢰회복 노력,0
시장 약세에도...우량기업 회사채에 조단위 ‘뭉칫돈’,1
"‘글로벌 게임 체인저’ ESG, 윤 당선자-경제계 ‘친기업’ 유착에 위기",1
이재명 “갑질 운영방식 아닐 것' 쿠팡에 직격탄…왜?,1
최태원 가족경영 논란 많지만 전문경영인 체제도 문제 있어,0
"최태원 대한상의 회장 “글로벌 공급망 재편, 반도체 위기이자 기회'",1
중소기업 ESG경영 도입에 소극적,0
“우리나라 ESG 투자…양과 질 모두 취약해',0
글로벌SPA 자라 한국서 10년만에 매출 감소…패스트패션 몰락,1
공기업 개혁 발목잡나…호 노동이사윤곽,1
"반기업정서 심각, 기업가 정신 훼손·국가적 손실도 커",0
이윤 창출이 먼저다…美 한기업증후군비판 목소리 커진다,1
박정호 SKT CEO “기업가치 제고 위해 노력하자' 성과급 논란 서둘러 진화,1
"현대차, 10대 자동차기업 중 5번째로 기후변화 위기에 취약",0
"[클릭 e종목]SKC, 시장 루머에 강경 대응…낙폭을 매수 기회로 활용",1
"논란 키운 SPC 대응, 재발 방지 약속 지켜질까",1
"상장사 58%, ESG 수준 취약",0
"위니아딤채, 올해 자발적 리콜 26만대 조치…잔량 9만대",1
"안전사고,소비자 분쟁에 발목, 현대엘리 ESG순위 102계단 하락",0
SK이노 “작년 사회적 가치 창출 -2천억원…코로나19로 배당·세금납부 감소 영향',0
"“美·EU, 공급망 인권 제재 강화 '경고등'…삼성·LG·SK도 대응 필요'",0
"경영학자 10명 중 6명 “한국 경영환경, 선진국 대비 열악하다'",0
"“ESG, 정부주도 땐 경영간섭 우려' [헤럴드 금융포럼 2021-금융, 세상을 바꾸다]",1
[기고] 요람에서 무덤까지,1
"제지기업 ESG등급 줄줄이 하락, 왜 ",0
RBC비율 하락에…건전성 관리 고삐 죄는 보험사,1
"서울반도체, 'LED 특허' 침해한 美 최대 조명 유통사에 소송 제기",1
자산운용사 '수탁사 확보 대란'...펀드파동 후 은행 외면에 발 동동,1
"배임·사기죄로 처벌 마땅… 이재명, 일산대교 놓고 국민연금 저격",1
의료법은 결국 법사위 문턱 못넘었다,1
"서울반도체, 美유통사에 소송 제기…특허침해 제품 판매 말라",1
"최태원, 재계대표로 기업대표로 '종횡무진'",1
위니아딤채 리콜 대상 노후 김치냉장고 보상판매,2
약세장에도… ESG는 버텼다,1
SK네트웍스 난해 경영활동 통해 2786억원 규모 사회적 가치 창출,2
'자충수' 남양유업 경영진에 대리점주·직원 정말 우리도 지친다,0
대기업 ‘긍정 이미지’ 65% 압도적…‘부정’ 29% (2022 신년기획 2030에 물었다 -2-기업),1
전경련 ESG 평가기관마다 등급차 커…코리아 디스카운트 의심도,0
제주경제 내년 리스크는 '코로나'와 '금리인상',1
현대산업개발 건설업 등록 말소하라',1
경제계 ESG 4법 반대…연기금 수익성 악화 우려 [마켓인사이트],1
시위부터 국민청원까지…적분할 개미들 뿔났다,0
"허위광고,부적절 라벨...기업들, 짜 친환경규제,소송 대응 나선다",0
[시론]‘그린워싱’에 대한 청년들의 경고,0
"'횡령 집유' 김정수 삼양식품 총괄사장, 1년만에 이사회 복귀",0
마요네즈에나 집중해 유니레버를 향한 투자자들의 철퇴 (김리안의 글로벌컴퍼니),1
"셀트리온, ESG 리스크는 내부거래",0
[컨콜]LG디스플레이 올해 감가상각비 내에서 투자 단행…ESG 투자 늘릴 것,2
"[클릭 e종목]원익머트리얼즈, 특수가스 업황 대비 지나친 저평가",1
"[시그널] 국민연금, '나쁜기업 투자배제에 현실론 담아야' 지적",1
"언론 징벌배상, 포털도 포함해야 하는 이유…시장개혁에 해답[50雜s]",1
"[사설] 파리바게뜨 ‘노조 파괴’ 의혹, ‘3년 전 약속’ 잊었나",0
"SK하이닉스, KT, 하이트진로, 하림지주 ESG점수 떨어져",0
"우리은행, ESG 지배구조등급 하향 조정",0
"“공급망 ESG 리스크, 기업 지속가능성 위협…대·중소기업 협력 필수' <대한상의>",0
플라스틱 폐기물 운반 안해佛 선사 선언에 해운업계 ‘촉각’,1
[CEO칼럼] 그린워싱은 왜 실패할 수밖에 없는가,1
"서울변회 공공기관, 변호사 처우 개선하고 직급 하향 중단하라",1
(만나봅시다) 취임 200일 맞은 이상연 경남경영자총협회 회장,1
"칼라일, 이규성 CEO 물러난다",1
1조원 가까이 몰린 KT 회사채 수요예측…모집액의 6배 이상 [마켓인사이트],1
7년8개월 규제와 싸웠지만…큰 물꼬 바꾸지 못해 아쉽다 [박용만 회장의 '마지막 소회'],1
(신아메리칸드림) 미국 인력난 수혜株 인사 조직 컨설팅 전문기업 -콘 페리(KFY)-,1
"롯데건설, 제1회 기술혁신 공모전 개최",1
기업 규제 앞두고 '전담조직' 몸집불리는 로펌,1
"[산재예방감독 컨트롤타워] 노동자 안전 1차책임은 사업주, 명확히 해야",1
김정태 '1년 연임' 확정…후계 레이스 달아오른다,1
악재 쓰나미…꽁꽁 얼어붙은 투심,1
사우디 장관이 네이버에 왜…700조 ‘네옴시티’ 협력 주목,1
(현장에서) ‘복마전’ 치닫는 깜깜이 ESG,1
숨은 저평가株…치투자 빅4 알고 있다,1
"박남춘 시장, 도시공사의 재무개선 노력 치하… 올해 경영목표와 현안 공유",1
패션 업계도 지털 전환바람 부네...KT-코오롱FnC 업무협약 체결,1
"중소기업 울리는 브랜드 가로채기, 정부·국회가 나서서 막는다",1
창업자 188명 상 IR날개…K-스타트업 등용문 뚝,1
감사선임 부결 속출...위상 높아진 소액주주들 주총판 흔들다 [헤럴드 뷰-소액주주운동 명과 암],1
"LG '금녀의 벽' 뚫렸다…5개 계열사, 여성 사외이사 선임(상보)",2
친환경 위장한 '예쁜 쓰레기'…그린워싱 주의보,0
"ESG 경영, '노동'만 쏙 빠졌네",0
"한국방역협회, 대한상의 소통플랫폼에 역소독시장 대기업 진입 중단제안 게시",1
"IBK기업은행, 1분기 순이익 6597억…전년比 11.4%↑",1
"신용보증기금, 올해 상반기 정기인사 실시",1
대기업에 등떼밀린 中企…ESG경영 자금여력 없어 발동동,0
"위기에도 '실적'…KB證, 박정림·김성현 대표 연임",1
KT&G 장점마을 사태 관련 연초박 적법 매각 VS 김수흥 기업의 사회적 책임 회피,0
(디지털 인재양성 대담) 강사 부족한만큼 교육플랫폼 활용 필수… 기업도 투자 참여해야,1
이재명 대선본선 의식 “원팀' 강조 이낙연 경선결선 대비 “검증' 공세,1
(재활용의 늪) 그 많던 쓰레기는 어디로,1
박찬구 금호석화 대표이사 사임…전문 경영인 체제로,1
수은에 첫 노조추천이사 탄생...내년 3월 기은도 나올까,1
SKC 신임 사장에 박원철 SK수펙스추구협의회 부사장 선임,1
류영준 튀 선긋기 …남궁훈 카카오게임즈 주식 안 판다,1
‘원팀’ 무장한 구현모號...디지코 KT도 순항,1
"‘카카오 먹통’ 보는 시장의 눈 과점 플랫폼 규제, 가장 큰 부담",1
경기도 중소기업 70% 소국경조정제도 대응 못 해,1
극단적 투명으로 극단적 진실을라이프스타일 완성을 꿈꾸다(Question & Change),1
"(단독) 트러스톤, 태광산업에 주주서한…과거 회귀 용납못해",1
"ESG 경영 휘몰이·형제리더십 든든… 두산그룹, 벼랑 끝 탈출 화려한 부활",1
[시그널]'스타매니저' 이창환 KKR 상무 회사 떠난다,1
"한국국토정보공사 부산동부지사, 제18회 에너지의 날 행사 동참",1
코로나19 감염 후 기침 계속되면…카톡으로 숨운동 하세요,1
낙연계김철민 사당화 안 돼,1
"벌써…설 선물 리 살수록 저렴대형마트 3사, 사전 예약 돌입",1
우울증에 매년 1400조원 사라져…‘제2의 팬데믹’ 정신질환,1
"술,담배,도박 악주 5조3천억 투자한 국민연금",0
동반성장대출 시중은행 비중은 10.6%뿐,0
벤처투자 얼어붙었지만…6개 키워드엔 짝 훈풍불었다,1
하나금융투자 이은형 신임 대표 취임…위기를 기회로,1
"광양시, ‘누구 백신 케어콜’ 도입",1
박병석 기업·국회·정부 같이가야…최태원 전적으로 동감,1
군얻은 행동주의 펀드…에스엠 주총서 승리하나,1
까스텔바작 새 대표에 '형지가 장남' 최준호 부사장,1
국내 30대그룹 올해 화두는 ‘ESG’… 환경 투자계획 153조 원,2
[인사] 특허청 外,1
대한해운 주가 5%↑...지난해 당기순익 1013% 증가한 3066억,1
카톡만 봐도 열불나…57억먹튀에 직원도 개미도 노(강경주의 IT카페),0
[기고] 맥쿼리의 해양에너지 인수 어떻게 볼것인가,1
이사회 '복붙'한 무늬만 ESG위원회 수두룩…리스크 대응 못한다,0
"중진공, 강소기업협회와 간담회…企 혁신성장 방안모색",1
"하나금융, 박성호,강성묵,이은형 인 부회장 체제",1
"카카오 조수용,여민수, 상반기 보수 300억대…네이버 한성숙 21억",1
"KTB금융그룹, 회장에 이병철 부회장 선임",1
"금융硏 내년 은행권 순익, NIM 개선에도 1조원 가까이 감소할 것",1
"SK텔레콤, ICT 스타트업 육성 노하우 났다",1
"(사람人) 이사회 입성한 해진 복심채선주, 논란 털고 신뢰 얻어야",1
신동원 농심 회장 취임…‘인생을 맛있게’ 새 슬로건,1
(아주초대석) 오영교 동반위원장 대중기 갈등 중재 고충… 솔로몬 지혜 발휘하겠다,1
"한은, ESG 기준 안 맞는 기업 투자대상서 배제한다",2
'빼앗긴 청년의 봄' 대기업 63.6% 상반기 채용 '0' 또는 미정,0
"네트워크 혁신 강조한 KT, 대규모 조직개편…부사장 4명 승진",1
개인 맞춤형 시대…기관총 난사식 생산은 끝나,1
(특별인터뷰) 전광우 연말 금리 2.75% 땐 상당한 충격파...동규제연금개혁 단행하라,1
"(단독) 삼성 지배구조 개편 원푼다…ESG 시대, 더는 못 미뤄",2
삼성 지배구조 개편 등 숙제…그룹 ‘컨트롤타워’부터 부활되나,1
세계 250대 기업 56% '기후 변화 리스크' 보고,1
[인사] 병무청 외,1
제22기 울산최고경영자아카데미(UCA) 81명 수료,1
중소기업계 “차기 정부 주52시간제·최저임금제 등 개선 필요',1
"공정위, 공시위반 빨리 수정하면 과태료 경감…연구용역 착수",1
소상공인 터전 뺏는 티맵 콜 공유 멈춰라...대리운전업계 총궐기 나서,0
코스피 등 亞 주가 일단 반등했지만…증시 여전히 얼음판,1
20% 넘게 떨어진 이더리움…물량 줄어 장기적으론 상승,1
국내기업 57% 탄소중립 가야할 길..3분의 1은 대응 어려워,0
"위니아딤채, 새해 맞이 사랑의 헌혈운동 동참",2
"(전문) 이재명, 여성,가족 공약 발표...野 겨냥 혐오 조장,갈등 편승 정치 안 해",1
정부부처 주간일정 및 보도계획(6~10일),1
여성임원 ‘0명’인 상장법인 63.7%… 여성임원 비율은 5.2%에 그쳐,0
이제는 '펜트업'…멈췄던 소비가 폭발한다,1
"① ESG, 기업에 부담만 주나…길게 보면 기회이자 투자",2
"중진공 수해,태풍 피해기업에 재해신속지원단이 찾아갑니다",1
"中企, ESG 전담인력,재원 부족…지원 나서야",1
"반도체특화단지, 광주,전남일 수밖에 없는 완벽한 이유 셋",1
"국제원 대표이사 즉각 해임, 특별감사 실시하라",1
"신동빈 롯데 회장 위기극복 DNA 믿고, CEO부터 달라져야",1
"손병두 한국거래소 이사장, MSCI 회장 면담",1
"[기고]일산대교, 법대로 해결하면 된다",1
'도시형 공유원룸'이 뭐길래···공실 걱정 건물주 줄섰다[유니밸리],1
"수주랠리 이어가는 한국조선해양, '권오갑 회장 체제' 날개 달다",1
[시그널] 배터리 떼냈는데도…LG화학 회사채에 2.6조 뭉칫돈,1
한국 환경위기시계 9시28분 험,1
'소송 짐' 벗은 SK이노베이션 美 2공장 건설 더욱 박차,1
강명수 한국표준협회 회장…G7 ESG TF 최고위원 선임,1
"(로펌 2021 결산) 중대재해,송무 쏟아져…장,세종성장 주목",1
"(인사)특허청,동양생명 외",1
한화솔루션 1분기 영업익 2546억… 52.4%↑,1
"(시그널) 포스코, 지주사 전환 사실상 확정",1
‘쓱데이’ 대박 난 신세계…요즘엔 ‘이곳’ 도전한다는데,1
한국 100대 기업 고용…10명 중 4명 비율로 국외 사업장에서 했다,1
[시그널] '2년 논의' 가이드라인 무시...이틀 전 덜컥 사외이사 추진 꺼내,1
"네이버 8→14명, 삼성전자 4→6명, 엔씨 1→5명…'젊은 ★' 반짝",1
경기침체의 공포와 4차 산업혁명 그리고 우리의 삶: 우리는 침착하고 지속가능할 수 있는가,1
"단기자금시장 ‘꽁꽁’,,,발행 채권 3분의 1이 미매각",1
"유럽 연기금, 韓기업 10곳에 소중립경영 압박",1
"(사설) ‘택소노미’에 원전 포함한 EU, 우리와는 사정 다르다",1
[강남시선] 공익신고자 보호 ‘넓고 두텁게’,1
"(홍길용의 화식열전) LG엔솔 공모, 누가 이익을 봤나…장밋빛 상장에 가려진 가시들",1
“생계비·학자금 대출은 복지 성격 강해… 적극적 조정 필요' [불법사금융 내몰리는 저신용자들],1
LS 새 회장에 구자은…‘제 2 도약’ 채비,1
(기고)‘팬데믹’발 주류 교체와 시대 교체,1
韓기업 이사회 여성 비중 5%…중동 제외 땐 꼴찌,0
"“국내 기업들, 주요국 새 통상제도로 '삼중고’ 신음'",1
"홈플러스, 이제훈 사장 취임…첫 행보는 '현장과 직원'",1
"중고상품 백화점 1층 접수,,,고물가,가치소비 속 명품업계도 가세",2
"EU 공급망 실사 법제화시 국내 車부품,반도체 등 영향…위험기업 110개",0
"추락하는 주식,채권 무섭다…리스크 작은 기채권 ETF각광",1
내년 말까지 소나기…피하라 스타트업 행사 찾은 최태원,1
"민주 옥천군수 경선… 김재종,황규철 가 웃을까",1
[프로필]장동현 (주)SK 대표이사 부회장,1
"[여명] 회사와 주주, '깐부' 맞나",1
"편의점 빅3, ‘컬래버’ 덕분에 위기 버텼다···올해 실적반등 기대",1
“한국경제 점진적 회복세...'응변창신’ 정신으로 미래 전략 수립해야',1
석유화학업계 콧노래 2분기에도 이어진다,1
‘反ESG 기업’ 낙인땐 치명타...무방비 中企 ‘발등에 불’,0
‘한국 세일즈’ 종횡무진 최태원…한·미 경제외교 협력 빛났다 [피플앤데이터],1
남궁훈 ‘원톱 쇄신’… 카카오 신뢰 회복할까,1
"‘바이든 시대’ 미국, 트럼프보다 더 위험할 수도 [WeeKend BooK]",1
기후위기 대응을 위한 자본의 흐름 유도하는 신호가 필요',1
"우량등급 못미치는 신용A 기업들, 자금조달 성공할까",1
"(알림) 2022년, 전자신문이 뛰겠습니다",1
"SM,수만 개인회사 계약 해지거절…31일에 누가 웃을까",1
(인쇄거리의 좌절과 희망) 인쇄산단 추진 움직임에 도의 한숨 인쇄인들 경쟁력 확보는 제,1
"특허청, 공공기관과 함께하는 ‘혁신 아이디어 공모전’",1
정치인 출신 연수원장 초대에…보험사 CEO 총출동,1
관광기금 고갈 위기 탈출 관심,1
‘위기의 카카오’ 남궁훈 단독대표 체제로… 뢰 회복 최선,1
“美·유럽서 ‘납품’ 근로자 인권현황 공개 의무 강화…국내기업들 대비해야',1
반도체·원자재 대란…지금이 바로 車산업 성패 갈림길,1
“삼성·네이버보다 카카오가 더 좋아요'…20대 이직률 보니,1
"한국기업데이터, ‘코데이터’로 새 출발…빅데이터 플랫폼 허브’로 제2 도약",1
"기업 원자재값 상승·코로나·금리인상, 경영 3대 부담",1
2세 경영힘실리는 BGF그룹… 차남 홍정혁 4년만에 사장으로,1
尹 50조 신속 집행에도…AAA급 공사채 유찰,1
"포스코 경영이념 ‘기업시민’, 스탠퍼드대 MBA서 가르친다",1
"마이스터즈, 가전 AS 전문기업으로 뚝",1
"우리금융, 상반기 순이익 1조4197억원…작년 순이익 뛰어넘어",1
"[데스크시각] 44조원, 정말 퍼주기인가",1
조영철 현대두산인프라코어 사장 2025년 글로벌 톱5로 도약,1
"휴온스그룹, 모든 그룹사 전문경영인 체제 돌입…책임경영 강화",2
SK네트웍스 3분기 영업이익 403억원…전년비 14.6%↓,1
"한국기업지배구조원, 국ESG기준원로 사명 변경",1
강원도의회 예결위 미시령터널 손실보전금 합리적 대안 주문,1
보락 주가 2%↑…LG화학 덕분?,1
삼정KPMG 내년 게임업계 화두는 '메타버스와 NFT',1
홈플러스 하반기 신입 공채에 3900명 몰려,1
"SKT-하나금융, 금융ICT 협력4000억원 지분 교환",1
"삼성전자 이끌 새 얼굴…TV 한우물 판 '코뿔소', 기술 앞세운 '소통왕'",1
EU발 탄소장벽에 주력산업 수출경쟁력 비상,0
"은성수, 금융권 릴레이 소집에 '중기·소상공인 지원' 봇물",2
"삼일PwC 물가 상승, 공급망 붕괴로 소비자 행동패턴 변화도 가속화",1
‘참사 책임 경질론’ 이상민… ‘12년 만에 권좌 복귀’ 룰라,1
인플레에 기름 붓는 물가·빚... “기준금리 더 올려야',1
"SK네트웍스, 1분기 영업이익 264억원…전년比35.4%↓",1
(아주증시포커스) 지지부진한 장세 익개선리오픈주목 外,1
장경호 코스닥 시총 상위 30개사만 공매도 재개돼야,1
광업 분야 외길 걸어온 국내 석회석시장 강자,1
"포스코, 내달 11일 주총 연다…코로나 여파 온·오프라인 병행",1
"독후감 써야 승진, 사내 결혼 150쌍…'별난 기업' 결국 일냈다",0
"최태원, 윤대통령에게도 했다는 말…토끼는 한꺼번에 잡아야",1
전기 먹는 하마인 줄 알았는데삼성이 쓰는 ‘착한 에너지’가 이 정도  (비즈360),2
기업에 환경·사회 책임 강화…제도·인력은 미흡,0
"‘황교익 리스크’ 직면한 이재명, “도쿄맛집공사'vs“일본총리'",1
"ESG 정보 공시 제도 많아 기업 부담감↑…부,기업 공조로 극복해야",1
尹정부 민간주도 성장론에 재계 마냥 좋지만은…통큰 투자 고민,1
하루 1000명씩 방문…MZ세대 플레이스어딘가 봤더니,1
문승욱 “‘대기업만 신경쓰는 산업부’는 오해…중기 ESG 도울 것',1
[기자메모] 나는 전기택시를 몰지 않겠다,2
"인플레 역습에 놀란 정부… 연기금, 국내 채권 투자 비중 줄여라",1
"최태원 “탄소감축, 정부 주도론 어려워...韓경제성장 최대 걸림돌은 저출산 문제'",1
"국민연금공단, 금융도시 조성 '뒷짐'…일산대교 무료화 여야 공방",1
"한진중공업, HJ중공업으로 사명 바꾼다",1
뜨거웠던 주총시즌…더 커지는 주주 목소리,1
"금호석화 주총서 완패한 박철완 상무 이번 주주제안, 끝이 아닌 시작",1
[우보세]남양유업은 스냅이 될 수 있을까,1
"[권오현의 e경영]⑩ “건전한 조직 문화, 리더들이 가장 안 지키는 게 문제'",0
‘삼성 퍼스트 룩 2021’ 키워드는 환경·사람 강조한 ‘스크린 포 올’,1
카카오모빌리티 지분 매각 춤..홍은택 카카오 대표 결심 때문이었다,1
발전5개사 신임 사장 일제히 취임…'에너지전환' 한목소리,2
"삼성, 이번엔 부개혁고삐 죈다",1
제주은행 경실련 은기업상수상,1
"대전환 시대, 진보의 길은 포용과 상생... 학술연구소 '포용과 혁신' 출범",1
"한미글로벌, 1분기 영업이익 39억…전년 대비 63% ↑",1
(기획)항공우주청과학기술위원회 등 본부청단위 기구도 다수 신설 예고,1
내년 보험산업 성장세 둔화…전자금융업 연계 등 모색해야,1
"디지털 전환 성공, HR 혁신에 달렸다",1
[글로벌 경제유람] 에티오피아와 이집트가 나일강 놓고 싸우는 이유,1
"고용 유지 성과 있지만, 일자리 격차 줄이지 못했다'",1
LG상사→LX인터내셔널 26년 만 사명 변경,1
IT 네 남자에게서 ‘혁신’의 냄새가 난다,1
"술이재용, 금이 위기구광모…절박해진 총수들의 입",1
"새 통상질서 조성, 초기 참여 중요…문제는 중 반발",1
"이재명, 용인-안성시 갈등 해결했다",1
[Car&Fun] “전기차 시장 잡아라' 렌터카 업체 사활 걸어,1
"부산항만공사, MZ세대 신규입사자 대상 EO와의 대화시간 가져",1
中企 ESG 전담부서 꿈도 못꿔…대기업과 같은 잣대로 평가 무리,0
선진국 격상 韓 해관계자 경영필수,1
한시간 사무실 불 끈 삼성전기에 무슨일이,1
미래 지향점과 큰 움직임의 서막 암시,1
정책으로 기사회생 노리는 이낙연 “대선은 회고 아닌 미래',1
"[중기 info] IBK기업은행, 개인고객 특판상품 확 늘린 기업銀 우대금리 챙기세요",1
권원강 교촌회장 복귀.. 위기타개 위한 묘수는 책임경영,2
"역대 최강 스펙, 성능 자신있다…애플 신제품들 어떻길래 [종합]",1
경제외교 시대…韓商 중요성 더 커졌다,1
이낙연 “민심 겸허히 수용… 강성 지지자들 이제 좀 더 열려야',1
윤홍근 BBQ회장 대표직 물러난다,1
권원강 교촌회장 위기타개 묘수는 책임경영,2
(아주초대석) 박현주 IT여성기업인협회 회장 IT 여성기업 네트워크 부족...스케일업 통해 생태계 확장해야,0
내년 증시 ‘상저하고’라는데…투자는 지금  기다렸다가  (딥다이브),1
"[신간] ‘청년의 죽음, 시대의 고발’…역사의 변곡점이 된 젊은 죽음들을 추적하다",1
(포토)반기문 전 UN 사무총장 기조강연,1
우리 회사 주식 저평가…자사주 사들이는 사장님들,1
충청권 국민 백패킹 명소화 시동,1
(기자24시) 재택근무 계속해야 할까요,1
"인천신항 공사 오염원을 줄여라, 현대건설,인천항만공사 손잡아",2
대기업 10곳 중 6곳 하반기 채용계획 없거나 못세웠다,0
인천 검단농협 로컬푸드 직매장 '지역농산물 구매' 손님 북적,2
"(레이더M) 한솔제지, 성우엔비테크 250억원에 인수",1
벌써 文정부 흔적 지우기  내 딜펀드괜찮겠지,1
"中企, 실행 부담 적은 '사회책임' 집중해야",1
(만파식적) 래리 핑크,1
"취약한 지배구조, 2년 코스피 저평가불러왔다(종합)",1
(알립니다) 한민국 회계대상찾습니다,1
[경제전망대] 미래의 산업환경 변화에 관하여,1
물적분할 잔혹사…손병두 회사 상장 때 모회사 주주 의견 챙기겠다,2
(표) 22년 2월말 기준 시총 500대 기업 ESG 통합점수 내역,1
최저임금 인상에 中企뿌리산업 휘청 사업포기 고민,1
(짤담)비닐 벗은 생수 불티나는데…왜 다 라벨 안 만들죠 ,1
"롯데칠성음료, 1분기 실적 반등…영업이익 전년比 416%↑(종합)",1
"민주당 신영대 의원 ‘가짜 ESG 중소기업, 지원제한법’ 대표발의",1
“전례 없는 유동성 확장 인플레 막을 긴축 필요',1
(부고)오정택 하나금융그룹 홍보총괄 상무 장인상 외,1
[매경이코노미스트] 새 일자리가 생겨나리란 '맹신',1
(투데이 窓) 위기는 새로운 기회다,1
불확실성을 버티는 세 가지 키워드(이지스의 공간생각),1
러시아 침공으로 경제위기…제안보ESG 경영에 포함해야,1
"매일경제 뉴스레터, 아직도 안 보세요?",1
"대한상의, 국민청원 본뜬 '회원사 청원' 도입한다",1
[정동칼럼]이제 이재명·윤석열에게 회초리 들 때,1
안상수 인천시장 예비후보 도권매립지 디즈니랜드 유치공약,1
"주식은 식고, 예·적금은 후끈…안전자산으로 돈이 움직인다",1
9월 채권금리 큰 폭 상승…장단기 금리역전 심화,1
SK건설 사명 23년 만에 ‘SK에코플랜트’ 바꿔,1
"‘경영권 분쟁’ 전운 감도는 주총… ISS, 박찬구 손들어줬다 [대기업 주총시즌 개막]",1
최태원 대한상의 회장 대기업 대변 위주 우려 필요없다…소통 채널 잘 만들겠다(종합),1
"에너지밸리포럼, 강명수 한국표준협회장 초청 로벌 ESG제43차 정례포럼 개최",1
황성택 트러스톤운용 대표 증시 유입될 자금 아직 많다,1
자영업 손실 보상과 별도로추가 재난지원금 지급해야,1
“이정도면 속겠는데?'…가짜버거를 먹어보자,1
"(경제시평) 탄소중립, 후퇴인가 도약인가",1
기후위기 인간 욕심 때문…환경문제 영화로 알릴 것',1
삼일회계법인 자산 1조원대 상장사의 32%가 준법지원인 없어,1
"재벌 기업 ‘2인자’, 관심 여전한데 왜 존재감 흐려졌을까",1
서원주 국민연금 CIO 소유분산기업 프연임우려 해소해야,1
"경기도의회, 유훈 경기도사회적경제원 후보자 청문결과서 채택… 격",1
(프로필)尹 정부 초대 산업부 장관…시 수석이창양 내정,1
마음의 가치 전해요. 같이얼라이브 ‘마음채움 캠페인’ 성황리 종료,1
돌아온 행동주의…국내는 '온건파'가 뜬다,1
1경 움직이는 국제금융 '큰손'… 금융사에 엄격한 '기후 대응' 압박,0
"3개월 늦춰진 美 IRA 득실 셈법, 배터리 업계 시간은 벌었지만,,,",1
"조광한 남양주시장, 에코해설사를 만든 이유는",1
[인사]국무조정실·국무총리비서실 外,1
조달청 전관예우 없앤다...업무위탁 시 퇴직자 재취업 유관협회 배제,1
[김수영의 피플] 한국사학진흥재단 홍덕률 이사장 정부의 고등교육 재정투자 OECD 평균 수준으로 끌어올려야,1
텍사스 한파에서 대만 가뭄까지…'기후위기 시대의 투자' 방향 관심,1
경기침체 ‘경고등’에 그룹들 장단 모여라,1
"시스팬 마음 훔친 다 위 테슬라아비커스,,,48척 계약 체결",1
"롯데면세점, 국내 3대 브랜드 평가 1위 수성",1
"심상정, 최태원 만나 대산업개발 면허 취소해야",1
증권가 새해 마케팅 화두는 계 최초,1
"베어링 PEA, 대명화학그룹에 로젠택배 매각 완료",1
"SKT,순천향대서울병원 I 돌봄콜협업",1
"테슬라, S&P ESG지수서 퇴출...머스크 ESG는 가짜 사회 정의",0
"이빨 두 개 빠졌다…오스템,신라젠, 바이오 ETF에 물",1
[시그널] 일진하이솔루스 36조 뭉칫돈…일반청약 흥행,1
오미크론 공포에 시계제로 신용 시장…신용평가사별 전망은,1
"손경식 경총 회장 “이재용 사면 건의서, 늦어도 내일 제출'",1
"KT, 사랑의 효(孝)박스 판매 “사장님 힘내세요'",1
"국보 만난 패션기업...아트마케팅 빠진 유통업계, 이종 협업 봇물",1
"日, 분기별 실적공시 없앤다",1
[녹색분류체계 시동]② 녹색금융 단초 기대...기준 설정 관건,1
"배당, 3%룰, 스튜어드십 등 현안 '후끈'… 미리 보는 2021 주총",1
LG 지주사 분할 승인…구본준 계열분리 예정대로,1
"올해도 100만장 푼다…대한민국 숙박대전, 7일부터 진행",1
동학개미 900만 시대…개미 표심 떠날까 정치권도 눈치보기,1
프레킨 한국 사모시장 성장세 가팔라…바이아웃 비중 39% 달해,1
서울시의회 서울미래정책연구회 SG 추진현황과 공공부문 대응방안전문가 초청 특강 개최,1
최태원의 새 경영 화두는 '빅 립',1
"삼성SDS, 1Q 영업익 2171억원…전년比 26.8%↑",1
"3월 주총시즌, 연기금·기관 주주권 행사 더 거세진다",1
ESG펀드에 '뭉칫돈'…상반기만 9300억 유입,2
[아시아초대석] 건설사 혼자 해외시장 한계…정부·금융 '팀코리아'로 승부,1
한상혁 인앱결제 강제 금지 위반 행위 실효적으로 집행,1
"“음주 초범 맞나? 범죄기록 공개, 검증단 설치' 이재명 협공",1
“기후 경쟁력 강화로 ‘녹색 무역 장벽’ 넘어야',1
[데스크 칼럼] '박제'와 '돈쭐' 사이에 놓인 기업들,1
"법률 리스크 살하나금융,기업은행 ... 함영주 린 뒤 갬윤종원 차 흐림",1
올 수출 24% 늘어 사상최대…내년 글로벌 공급망 리스크가 변수,1
"두나무, 송치형 회장-김형년 부회장 너 경영 체제전환",1
"동해시, ‘책 읽는 지식 도시 실현’",1
"수익이냐 ESG냐 큰손들, 대기업 투자 골머리",1
[마켓브리핑] 대규모 자금조달 나선 한화건설…1.8兆 상환 재원 마련 '고삐',1
(서소문 포럼) 골칫거리 된 올림픽 스폰서십,1
‘超철강’ 이끈 ‘수처작주 CEO’…‘미래소재기업’ 혁신 불지피다,1
케이카 023 ‘계묘년’ 중고차 키워드는 ‘RABBIT’…책임경영 확대,1
[금요진단] 인플레이션 이후의 글로벌 경제,1
"지주사 설립국민연금 산 넘은 최정우號, 소액주주 산도 넘을까 (비즈360)",1
단골 손님이 안 오네요 ㅠㅠ… ‘전기차 시대’ 정비업계 울상,1
진짜 감쪽같더라…CES 푸드트럭 긴 줄 이유 있었네 (추적자추기자),1
사내이사진 전면 교체한 ‘뉴 카카오’… 주가 15만원 목표 순항할까,1
철강 트레이딩이 위험하다고?…SK네트웍스가 脫철강 한 이유,1
터들으면 멜론이 TS 숲만들어준다,1
충남 북부지역 올 4/4분기 기업 전망 흐림,1
(데스크 칼럼) 우리만 착해야 할 이유는 없다,1
국가의 과도한 규제가 만든‘억지’ 곳곳에… 탈중앙화 필요',1
기에 장수 안 바꾼다조대식 SK 의장 첫 4연임 가능성 목,1
신동빈 “롯데 잠재력 인정 못 받아…CEO부터 변해야',1
증시 변동성에 친환경펀드도 고전…‘수소경제’ 펀드만 선전,1
"롯데케미칼, 작년 3533억원…전년比 68.1% ↓",1
"00억 적자따릉이, 광고 달고 달린다",1
"한화솔루션, 1Q 영업익 2546억원…전년比 52%↑(상보)",1
(인사종합) 국방부 외,1
"자연 파괴는 후손 살해…집단학살 범죄자처럼 처벌할 수 있을까 (지구, 뭐래 )",1
성과급 불만 쏟아지자…박정호 SKT 소통하겠다,1
[ESG에 홀린 금융사 10곳] KB국민은행 | 맑은하늘·맑은바다 적금 눈길,1
"삼성엔지니어링, 지난해 영업익 5032억…해 예상 영업익 6100억",1
"포스코케미칼, 권오철 전 SK하이닉스 대표 사외이사 선임",1
가정 내 플라스틱 중 식품 포장재 상당수…“5대 식품기업 감축 점수 D∼F',0
무학 ‘거제 학동해변’ 반려해변으로 지정,1
"최대 실적 낸 박찬구 회장의 용퇴…금호석화, 독하게 변한다",1
"시민 참여는 ON, 언론 불신은 OFF",1
"KT, 광화문 골목식당 돕는 밀키트 구매",2
'용스크'가 된 '용진이형' 정용진…양날의 검인 CEO의 SNS,0
참정권처럼 여성 경영 참여 당연해져야…지금은 과도기,1
"한국어촌어항공단-한국철도공사 서울본부, 어촌소멸 대응을 위한 업무협약 체결",1
[ESG가 돈줄이다] 국내 대기업 ESG 대응 지속 발전···투자 늘리고 계량화 연구까지,1
(ET톡) 6.8% vs 42.8%,1
"‘여권 빅3’ 이낙연-이재명-정세균, 일제히 조직 다지기에 나선 이유는…",1
TV하이라이트-6일,1
높아진 무역기술장벽… 좁아진 韓수출길,1
이너스곡소리 났던 상반기 펀드…디폴트옵션 도입되면 것뜬다,1
‘재벌집 막내딸’의 경영비법...조현민 사장 벤처멘토링 보니,1
"온라인 생중계에 인증샷,로봇까지… 달라진 주총장 신풍속도",1
"최태원 이제 역 대전환필요…기후,에너지 문제 풀기위해 로그램필요",1
고객 만족.20년 노사 무분규… SG는 계속,1
"복지부 차관 국민연금 석탄투자 배제, 내일 기금위에서 정책결정",1
"'동네 형 같다'는 최태원, '하카소' 캐리캐처에 마지못해 비…비슷한가요?",1
기후변화 이대로는 안 돼…국내 첫 VC 기후테크 펀드 출범,2
‘위기의 롯데’ 돌파구는 모빌리티·메타버스? ‘스타트업 롯데’ 대변신,1
"정부, 멘트 대란해법 두고 업계와 엇박자 해결할까",1
[단독] '1조 몸값' 폐기물업체 EMK 매물로,1
미래에셋증권 '대우'떼고 새출발.. 최현만·김재식 투톱체제로,1
"올 상반기 펀드시장, 성장주 웃고 가치주 울었다",1
"김진균 수협은행장 대출중단, 연말까지 없다",1
"[굿모닝 증시] 美 증시 국채 금리 급등에 '하락', 韓 증시 흔들리나",1
최진환 SKB 사장 네트워크 인프라 성장 한계…새 성장동력 찾아야,1
포스코의 '뭘 좀 아는' 중소기업 컨설팅,1
"(ETF줌인) 여전한 경기 침체,금리 상승 우려…애매할 땐 ‘월배당 ETF’ 적립",1
탄소 중립은 미래 에너지시장 이끌 열쇠...중장기 R&D 전략 세워야,1
"북미,유럽에 투자 집중…한국 외투 유치 낙관 못해..투자정책포럼",1
"롯데쇼핑, 김상현 총괄대표 등 3인대표 체제로",1
공모주펀드 바람2조 넘게 빠져나갔다,1
"금융권 역차별 불만…빅테크에 찔끔 규제, 카드사는 강력 규제",1
"농협중앙회 회원지원부, 김포파주인삼농협과 인삼농가 일손 돕기 나서",1
김승연 위기를 기회로 바꾸자,1
출시 반년된 액티브ETF 박스피 이겼다…수익률 1등은?,1
신동빈 ‘부산세계박람회’ 유치 유럽서 뛴다,1
[이슈분석] 문승욱 산업부 장관 후보자 청문회 쟁점은,1
BBQ 치킨도 걸어서 배달 영토 넓히는 GS리테일 '우딜',1
[책꽂이] 인간을 병들게 하는 '건물의 배신',1
EU ESG 공급망 실사 땐 위험기업 110개',0
"삼성엔지니어링, 2분기 영업이익 1535억원…전년比 2.1%↑",1
작년 글로벌 ESG 펀드에 1850억弗 뭉칫돈,2
백복인 KT&G 사장 3연임 막중한 책임감 느껴,1
"조폭ㆍ외국 자본도 군침 흘린다, 쓰레기에 [강주안 논설위원이 간다]",1
"60주년 맞는 중소기업협동조합, 인력난 해소·R&D 아낌없이 도왔다",1
정부가 실패한 인구 문제...ESG 앞세운 기업이 해결사로 부상(인구와 경제),2
보험사 후순위채 인기…금리 인상 부담도 커져,1
편하네 떨려요메타버스 면접 확산,1
"큰손답게 ‘짱짱한 수익’… 연기금, 10조 던진 와중에 뭐 샀나",1
美 550개 환경단체 바이든 행정부에 8개 규제책 실행 촉구,1
"보험사, 당국의 그린워싱 규제에 대비해야",1
27일 LG 20개 사옥 밤에 1시간 불 꺼진다,2
톰 레이커트 ERM 글로벌 CEO ESG 두고 도국피해자논리는 잘못된 것,1
"[마켓인사이트]국민연금, SK네트웍스·SKC 투자목적 변경…최신원 회장 횡령 반영했나",1
투자 막힌 삼척블루파워 CP 첫 발행,1
"우리 기업들, 헤지펀드 공격 못막는다…'3%룰'의 함정",1
대전창업허브 일회용컵 안 써요,2
"투자 쉽지 않네…동학개미, 펀드로 피신",1
"광양상의,지역 기업 2021년 3/4분기 기업경기 전망지수 109.6",1
농협은행 'NH디지털챌린지+' 6기 모집,1
"갤럭시 Z 플립4,폴드4 택 끝판왕사전예약 안 할 이유가 없네",1
하은호 군포시장 소중립은 의무이자 눈앞에 다가온 현실,1
"구자은 LS그룹 회장 | LS 오너 2세 가운데 마지막 그룹 회장, 내로라하는 ‘회장단’서 본인만의 색 드러낼까",1
"이복현 금감원장 투자 조합 이용 지분공시 위반, 엄정 조치할 것",1
한국씨티은행 1분기 순익 482억원…전년보다 19.4%↓,1
(이사람) 송수영 대표 서 컨설팅 경험 쌓을 때처럼…초심으로 새로운 분야 도전,1
변화에 적응 못한 죄… 유통 CEO 잇단 퇴진,0
테슬라 앞질렀다…투자시장 달구는 ‘시총 1조달러’ 비트코인,1
[김혜민의 이슈&피플] 나의 소비는 세상에 던지는 투표와 같다. 가치소비란? 비보트 김채영,1
(르포) 가장 바빠야 할 시기에 적막… 인쇄업 고사 직전,1
투자의 귀재 버핏 베팅한 그 종목은?,1
위기 속 빛난 R&D 투자…코로나가 퀀텀점프 기회,1
금융 CEO들 본이 중요…고객 보호해 신뢰 유지해야,1
회사채 시장 냉각기…자금조달 힘겨운 기업들,1
"한솔제지, 회사채 500억 모집에 1820억 참여",1
"아셈스, 수요예측 경쟁률 1618.3대 1 기록…공모가 최상단",1
정지원 손보협회장 업계 공동 빅데이터 ool확보해야,1
"기후위기에 힘 합친 민관…락앤락,대상 등 ‘제로서울 실천단’ 동참",1
비트코인보다 더 하네...두나무 순이익 10분의 1 됐다,1
[인사] 국방부 외,1
"'나이롱환자' 막는다…본인 과실, 자기보험으로 처리",1
ESG경영 갈 길 먼 '혁신산업' 제약·바이오,0
손태승 회장 반기 리스크관리내부통제 재정비,1
환율 1200원 돌파…외화채권 늘린 보험사들 환율변동 예의주시(종합),1
"[고견을 듣는다] 윤리, 대한민국 토대… 이를 무너뜨린 조국사태 절대 용서 안돼",1
"금융사고때 CEO징계 자제 금융協, 자율규제 강화 건의",1
[시론] '빅블러 시대'와 불편한 세상,1
아마존 새 CEO 앤디 재시...반독점·노조 갈등 극복하고 기업가치 더 올릴까,1
최정우 포스코 회장 일진머티리얼즈 인수 안 한다(종합),1
탄소 감축 방안 내놓으세요 대기업 10곳 꼬집은 네덜란드 연기금,1
여성공약 발표한 이재명 왜 친여성 아니라는지 이해 안 가,1
[2022경제정책]'탄소중립 원년' 성장기본계획 확정…기후대응기금 신설,1
"이재용, 미국行 대신 자택서 M&A 밑그림",1
착한 굿즈는 없다',1
‘예쁜 쓰레기’ 화장품 용기… 64% 재활용 안 돼 포장재 바꿔야,0
"'통신장애 이제 그만'…KT, 임원인사서 네트워크에 힘줬다",1
포스코의 ‘영예’,1
"고환율,고금리에 ‘수출비상’…내년 무역금융 360조원 역대 최대(2023 경제정책방향)",1
홈플러스 주 농가 돕는 새콤달콤 한정판 감귤 주스 만나보세요,2
"[마켓인사이트][한국타이어 주총]'주주제안' 조현식, '백기사' 안 찾는 이유는",1
결국 올 탄소중립 시대…베팅에 필요한 건 긋함뿐,1
"카카오, 통 대란수습 비대위 출범…강도 높은 재발 방지책 마련",2
"수요 늘고, 생산·재고 줄고… “유가 올해 80달러선까지 오를 것'",1
[인사]국토교통부 외,1
[사설]재계 대표 대한상의와 최태원 차기 회장의 역할,1
끼눈소액주주에 주총 준비 버겁네,1
"민간,정부 부채, GDP 대비 254%로 늘어'",1
[기고] 경제 어려워도 중견기업을 믿는다,1
‘소송전’ 끝났지만… 최태원-구광모 식지 않는 배터리 경쟁 열기,1
"산기협 차기 정부, 디지털전환 컨트롤타워 신설해야'",1
SKC 3분기 매출 8350억원…전년比 43%↑,1
자식농사 풍년에 볕드는 지주사株…저평가 꼬리표 뗄까 (선데이 머니카페),1
"이통3사, 인알림문자서비스 공동 개시…앱 설치 없이 고지서 확인",1
(상반기 ETF 결산) 59개 신규 출시에 상승 18개… 70%가 마이너스,1
"투자엔 선악 없다… 죄악주, 조정장서 반짝",1
쌈짓돈 10조원 몰렸다…채권투자 나도 동참해볼까 (WEALTH),1
인플레이션이 지이겼다..업그레이드 더리움가격 하락 (코인브리핑),1
[경상일보 19기 독자권익위원회 8월 월례회]탈울산행렬 충격…지역균형발전 지속 관심을,1
美갑부 자산 15% 여기 투자...임대업보다 낫다,1
"(기고) 사회적가치의 고장, 경북의 성공비결은",1
전경련 日 새정부 출범 계기로 한일 경제갈등 끝내야,1
타향살이 강원랜드 직원 내년에야 1인1실..ESG조직 확대도,2
"냉혹한 현실 이재용, 연말 사업구조·인사·조직 '대수술'[뉴 삼성이 온다]",2
글로벌 CEO 85% 1년안에 경기침체 온다,1
(투데이 窓)일론 머스크의 SG 사기론 대하여,0
'삼계탕·상여금·휴가비'…현장근로자 무더위 날려준 반도건설,2
(더오래)반토막 난 넷플릭스 주가…위기의 구독경제 어디로 가나,1
"SK네트웍스, 민팃·타이어픽 분사 결정...“미래형 사업 강화'",1
바이오사이언스 터졌다..SK케미칼 2분기 역대 최고실적,1
"동반위, 기 적합업종실효성 조사 착수…오영교 위원장 없어져선 안돼",1
"(매경데스크) 정치화된 친환경, 이상한 일들",1
"아이큐어 주가 4%↑...오전 11시 넘자 상승, 무슨 소식이",1
"최태원 가족경영, 다 옳은건 아니지만 전문경영인은 큰 리스크 감당에 한계",1
[오연주의 현장에서]‘돈쭐’과 혼쭐 사이,1
"롯데·신세계·SK…국내 간판 그룹 중 신용도 승자는 어디, 신평사 세미나 '러시'",1
(단독) 세계 최대 의결권 자문사도 얼라인 손 들어줬다…에스엠 주총서 승리하나,1
(fn이사람) 단체급식 신뢰 위해선 한건의 위생사고도 용납 못하죠,1
윤사모 대표·절친 있는 회사래…윤석열 테마주 '들썩',1
거래소 발행 활성화 외쳤지만… 외면받는 속가능연계채권,1
"지우고, 막고…분주해진 빅테크들",1
“신흥시장의 훌륭한 기술기업 주목해야',1
최신원 전 회장 배임·횡령 SKC “지배구조 혁신…사외이사 중심 이사회 운영',1
"KT 등 광화문원팀, '사랑의 릴레이 헌혈' 진행",2
20년 전 '유일한 여자' 꼬리표…시대가 바뀌었다,1
(인사) 유진그룹 ; 우리카드 ; 에프앤가이드 등,1
(新동반성장) 업깃발 아래 뭉쳤다…상생의 바람 불어오네,1
"지니엑스, 미디어아트와 NFT기술을 접목한 전시 선보여",1
CJ대한통운 작년 영업익 3439억원…전년比 5.7%↑,1
"(자금조달)한창, BW 발행 시급한 데 밀리는 청약 일정",1
"SKT, 분당·성수 ICT 인프라센터서 ‘녹색 전기’ 쓴다…ESG 경영 가속화",2
"SKT, '누구 돌봄 케어콜'로 독거 어르신 안부 확인한다",2
"GS이니마, 글로벌워터어워드 해의 해수담수화 플랜트수상",2
포스코 ‘삼중 호재’ 업고 신고가…“여전히 저평가' [株포트라이트],1
ESG에 역행하는 일본 정부의 후쿠시마 원전 오염수 방류 [핫이슈],0
LG화학·GS칼텍스 '썩는 플라스틱' 만든다,2
美·中·인도 투자한 펀드 '우수'…상위 10개 중 8개가 해외펀드,1
"빅테크, ESG 전환 가속…반도체 구매 새 기준 된 '저전력'",2
"한국농어촌공사 충남지역본부, 농어촌 ESG 업무협약 체결",2
[장애인과 함께 크는 기업] 재계 10위 중 30%가 외면···ESG경영 장애인 고용부터,2
"CJ ENM, 티빙방송콘텐츠 8600억원 투자…글로벌 사업 강화",1
"코이카, 공공기관 경영실적 평가 2년 연속 ‘A등급’",2
하긴 해야 하는데… 제조업 비중 높은 중견기업 '탄소중립 경영' 딜레마,1
카카오페이 ‘주식먹튀’ 논란 ESG로 돌파 ,2
"현대캐피탈, ESG경영 구축 엔글로벌콤팩트가입",2
연대 교양수업 된 SK의 ESG 경영..수강 신청에 200명 몰려 ‘인기’,1
"'아마존 매트리스' 지누스, ESG 성적표는 낙제점",0
DGB금융그룹 '탈석탄 금융' 동참 표명,2
"글로벌 빅4 회계법인, 코로나 영향 '최고 성과'",1
"CJ프레시웨이, 업계 최초 전기화물차…환경보호, 경제성↑",2
탈석탄·ESG 통했다…대기업 대기오염물질 5년새 절반으로,2
'영업이익 2조원 돌파'···LG화학 '깜짝 대기록' 배경은(상보),1
"IBK기업은행, 4년 연속 온실가스 감축 목표 초과 달성",2
"韓서 이익 15배 늘어난 화이자, 기부금은 반토막",0
"BBB급 대한항공, ESG 회사채 수요예측서 5800억 가까이 몰려",2
GS도 ESG 경영 가속화···석유개발 사업 점진 축소,2
"부산항만공사, 2021년도 10대 핵심성과 선정",1
[ESC] 업계 동료인 네이버 직원의 죽음 앞에서,0
"현대제철 ‘사상 최대’ 실적…영업익 2兆,매출 23兆",1
발전소 유선장애 생기면 5G로 자동전환…SKT-한수원 '맞손',1
"비상장사 삼성디스플레이, 지속가능경영보고서 낸다",1
"삼양식품, ESG경영 '노사 공동선언'",2
"신보, 공공기관 경영실적 2년 연속 A등급",2
"한국맥도날드, 지난해 역대 최대 매출 기록… 적자 폭 개선",1
"인싸 '로지', 신한라이프 ESG 메시지 전달위해 다시 '출동'",1
대구경북 소셜벤처 ON페어 개최,1
"홈플러스, 설 맞아 중소 협력회사 대금 조기 지급…총 1125억원",2
글로벌 철강 회복세… 현대제철 1분기 영업익 작년보다 129% 늘어,1
"KT, 제주 킥보드 불법주차 해결",1
"한미글로벌, 1분기 영업이익 39억원… 전년 대비 63% 증가",1
"서부발전, 7년 연속 ‘품질경쟁력 우수기업’ 선정",2
"이통3사, '고배당 정책'...주가부양 속도",1
불붙는 2금융 ESG 경쟁…장학사업 나선 저축은행,2
"화웨이 글로벌 불확실성 R&D,ESG로 돌파",2
"SK이노, 적자 시달리던 북미 셰일오일 광구 매각",1
"SK, ESG경영으로 글로벌 난관 돌파",2
"펀드 사태에…은행, 직원평가 '고객 만족도' 점수 늘려",2
"에이치엘비그룹, ESG 경영위원회 신설…경영 투명성 '↑'",2
'ESG' 기업가치에 반영...SK 8%대 뜀박질,2
"CJ온스타일, 쎄미시스코 2인용 전기차 'EV Z' 판매수수료 무료 방송 론칭",1
"CJ제일제당, 작년 폐기물 5577톤 줄여… 전년比 7.7배",2
시멘트 업체 SG 경영공염불 - 下. 환경개선 설비투자 극적,2
"기후위기,자원고갈 위기, 순환경제로 신시장 개척해야",1
제철부산물로 친환경 시멘트 만든다,2
"허창수 ,­중소기업 동반 성장으로 공급망 불확실성 해소해야",2
"국내 '맞수' KB-신한금융, 글로벌 ESG 투자 '맞손'",2
"“ESG 강화했더니 실적까지 날았다'… LG화학, 2분기 영업이익 290%↑",2
"오비맥주, 맥주라인 멈추고 재해구호용 B워터생산",2
ESG도 '콘텐츠'…국내외 글로벌 명사 출동 '환경 읽어드립니다',1
"KT&G, (必)그린캠페인 성료",2
"“AI가 독거 어르신 안부 확인' SKT, '누구 돌봄 케어콜' 출시",2
"롯데손보, 이사회 내 ESG위원회 신설…손보업계 2번째",2
"ESG 바람, 주요 기업 에너지 사용·온실가스 배출 감소세",2
글로벌 ESG 열풍에…국내 운용사도 '가속 페달',2
[희망 2021 다시 뛰는 기업들] 위기탈출 시동 건 롯데…고부가 소재사업 집중,1
LG전자 전기료 확 줄인다,2
"기후위기,자원고갈 위기...순환경제로 신시장 개척해야",1
구현모 KT 대표 “기술·솔루션으로 환경·사회문제 해결에 힘 보탤 것',2
‘친환경 냉각’으로 289만 그루 소나무숲 조성 효과,2
고려아연 ‘ESG경영’ 강화…美 이그니오홀딩스 품었다,2
임금격차 논란과 ESG 성과 보상,1
"대기업 뛰어드는 플라스틱 재활용 시장, 중소기업 줄폐업 위기",1
‘노·사·민·정 대타협’ 6호 상생형 지역일자리에 ‘구미형 일자리’,1
"홈플러스, ESG 경영 전사적 내재화…“탄소 중립 등 성과'",2
김영철 바인그룹 회장 강원대발전기금 기부,2
통신사 온실가스 배출권 비용 확대...경영 핵심이슈로 부상,1
(위기를 기회로) 글로벌 ‘스마트팩토리’ 구축 가속도,1
경남개발공사 경영실적 ‘최하위’ 평가,0
친환경 탈을 쓴 기업… ‘그린워싱’에 속지 마세요,0
"두나무, 울진,삼척 등 산불 피해지역에 30억원 기부",2
중대재해처벌법 시행 임박...건설株 ESG 중요성 더 커진다,1
(ESG칼럼)기업 평판위기와 ESG,1
"2분기 공모주 줄줄이 대기, 플러스앤파트너스 ‘ESG’ 경영으로 가치평가 반전 모색",2
"대기업 무분별한 환경산업 진출, 中企 목 조른다",1
"‘환경경영 강화’ 롯데렌탈, 업계 최초 TCFD 지지선언",2
'세계 최초 폐수 없는 제련소'…'반백살' 영풍 석포제련소의 새 도전,2
ESG 평가지표 600여개 난립…K-ESG 표준 논의 시작,1
"SKT, 1년간 보이스피싱 1.5만회 차단…285억원 피해예방",2
"탄소중립 실현 위해… 평택시, 민,관,공 업무협약 체결",2
"신협, 국립세종수목원에 ‘행복 내비게이션 평생 어부바 신협 정원’ 조성",1
적자터널 겨우 빠져나온 '하림'‥즉석밥·라면으로 사업 다각화,1
전력거래소 ‘ESG 혁신정책 대상’ 우수상,2
[힘내라! 대한민국] 동반성장지수 평가에 최우수기업 8개 선정,2
공해 주범 옛말···친환경 손잡은 포스코·현대제철,2
코로나 기간동안 성산일출봉 높이만큼 태블릿PC 기부한 곳은 ,2
발등에 불 'ESG' 경영...'나무 심기'에 주목,1
재계 “연기금 투자때 ‘ESG 평가’ 의무화 성급',1
불편만 야기하는 식품업계 'ESG 경영',0
ESG감독체계마련ㆍETF액면분할 추진한다,1
‘누구(NUGU) 돌봄 케어콜’로 독거 어르신 안부 확인…SKT 서비스 출시,2
"반도건설, 화성장안지구 아파트 신축공사 수주…3100억원 규모",1
[힘내라! 대한민국] 지역사회와 상생 위한 다양한 사회공헌 실천,2
은행 등 금융기관들도 '탈탄소' 탄소중립선언,2
SK네트웍스 코로나 어려움 속 지난해 환경성과 252억원 창출,2
ESG 1.0 SC경영틀 넘어 新경제질서 중심 SG 2.0(책꽂이),1
실적보다는 ESG가 기업의 신용등급 가른다,1
"'개인정보 걱정 뚝' SK네트웍스, 정보보호 관리체계 국가공인 인증 획득",2
"생산 목표치 상향 위기 돌파 나선 에코프로비엠, 쇄신안도 곧 발표",1
ESG·脫탄소 불붙은 세계 기업들 순환경제 위해 국가 간 협력 촉구,1
포스코 탄소중립은 새로운 '전쟁터'…美-EU 수준 지원 필요,1
군인공제회 ESG 경영 선포…“ESG 지표 낮은 기업 투자 않는다',2
"“미래 6개월 매출 예측해 선정산'…SKT, 빅데이터 기반 혁신금융 서비스 출시",1
"풀무원 올가홀푸드, 지속가능수산물 유통 업체 인증 획득",2
"기업지배구조원, ESG 등급위원회 개최…오스템임플란트, 하림지주, 한국특강, 팜스코 ‘통합등급’ 하향",0
"한화시스템, 임금격차 해소 협약…3년간 549억 투입한다",2
"BBB급 대한항공, ESG 회사채 수요예측서 '연타석 홈런'",2
"[시그널] 국민연금, 'ESG불량기업' 투자 제외 추진",2
준법 강화·ESG 속도·노사 상생…'新삼성 경영' 출발선 섰다,2
"천성현 포스코 기업시민실장, ESG는 우리 모두의 문제, 위기인 동시에 기회'",2
페트병 무게 줄였더니 플라스틱 사용량 뚝,2
"SK쉴더스, Log4j 해킹 여부 파악 툴 무료 제공",2
친환경 제품 …인증번호 확인도 어려워,0
"본상 기업PR대상 SK이노베이션, ESG 선택 아닌 필수... 친환경 사업 소개 [2021 fn광고대상]",1
한화생명 예상 웃돈 실적...1분기 순익 1942억,1
"[ESG 리딩금융]'약한 고리' 부실 막는다…신한, 코로나19 위기 극복 지원",2
"한화자산운용, '韓中日 탄소중립 호재' 풍력·수소 선도기업에 투자",2
“쓰레기에서 금맥 캔다'… 재활용 사업에 푹 빠진 기업들,2
"탄소배출, 먼저 줄이면 손해 죄수의 딜레마로 본 ESG",1
"GS ITM, 전남 농가 살리기 캠페인…나주 배 800박스 임직원에 전달",2
"동국제강, 철강부문 인적분할...열연,냉연사업 전문성 강화",1
"대기업 ESG 안건, 환경분야 4.4% 가장 적어",0
"국민연금, 석탄발전소 신규건설 투자 중단…‘탈석탄’ 선언",2
"카카오모빌리티, 택시기사 2인 표창…심정지 승객 구조,마약수사 기여",2
"국민연금, 석탄 채굴·발전산업 투자 제한...ESG 투자원칙",2
"디스플레이업계, 재생에너지 구매 비용 인하 요구",1
[시그널] 현대제철 첫 ESG채권 '잭팟'…2조 원 몰려,2
전기차 사업 뛰어든 LS…‘이것’으로 GS 맹추격  (비즈360),1
"기후변화 위험, 회계에 반영하라…기업의 ESG 책임 훨씬 커진다",1
ESG 시장 열렸다… 대형로펌 ‘성공 포트폴리오’ 쌓기 총력,1
이형희 위원장 “ESG 경영 선도 기업에 더 많은 기회 돌아올 것' [국회 포용국가 ESG포럼 창립총회],1
“협동조합은 위기의 시대에 가장 복원력 뛰어난 기업',1
불필요 이메일 삭제로 탄소저감…하나은행 '제로백 챌린지',2
"한국전력, 신규 석탄사업 중단… 脫탄소 앞장",2
"강병원 “국민연금, 日 전범기업에 1조5000억원대 투자'",0
작년 사회적가치 마이너스…SK이노 '친환경 전환' 속도,2
"[IT 이슈 리마인드] ① 이통3사, '고배당 정책'...주가부양 속도 外",1
"대한전선, ESG 경영 본격화…'그린 2030 비전' 수립",2
"한화솔루션, 공장 폐열 이용해 온수공급",2
"롯데슈퍼, 친환경 콜드체인 박스 도입…‘환경오염 주범’ 스티로폼 대체",2
"대우건설, 탄소배출권 첫 수익으로 26억원거뒀다",2
하나-외환 통합 등공신 ESG 경영 바탕 최고실적 성과,2
"SK하이닉스 1등, 한진칼이 최하점",1
"국민연금, 결국 7개 기업 중 1곳에 적극적 주주활동… 비공개 대화 대상 선정 [마켓워치]",1
불붙은 美수소 경쟁···한화 이어 SK도 美기업에 1조6000억 투자,1
김학도 “중소벤처 ESG경영 전환 지원',2
"[유통도 ESG] 1세대 로드숍 토니모리, 위기 돌파구는 ESG",2
코로나에도 역대급 호황…상반기 매출 1100억 돌파한 韓리조트,1
BC 그린카드로 친환경 소비 ‘뿜뿜’,2
"[컨콜] LG화학, 이사회 통해 ESG위원회 설립",2
'광주 AI페퍼스' 성공 정착 열쇠는 '흥행·투자',1
"[단독] SK에코플랜트, DDS 산다…한달새 폐기물社 4곳 인수",2
동아쏘시오그룹 90년 이어온 ‘사회적 책임 DNA’,2
"경희대학교, 고령화 산업 관련 기업네트워킹 메타버스로 실시",1
"방승찬 ETRI 원장 취임…기술혁신,ESG 경영혁신 등 힘쓸 것",2
창립 60주년 SK이노 글로벌 그린 에너지 소재 선도기업 도약,2
"기아 EV NFT, 판매 개시 15초 만에 ‘완판’",1
"중부발전, 경영평가 발전공기업 중 '최하'...부채 10조원 '육박'",1
"이산화탄소 섞은 매트리스…골칫거리 CO₂, 돈벌이 효자로",1
전통 증권사들 디지털화에 ‘사활’...“‘한투’는 디지털전환 가장 발빠른 증권사' [피플 & 스토리-정일문 한국투자증권 대표이사],1
삼성전자 '또 해냈다'…5년 만에 日도요타 제치고 '세계 1위' [정영효의 일본산업 분석],1
"산림청-우리금융그룹, 탄소중립,ESG경영 협력 손",2
2030년까지 탄소 배출량 50% 감축,2
수출길 막힌 'ESG 블랙리스트' 中 태양광…OCI 수혜 입나,0
내달 상장 나서는 SKIET “배터리 분리막 세계 1위 굳힐 것',1
"JYP, 업계 최초 RE100 이행…후위기 대응에 책임감 가지고 있다",2
"(해양수산 뉴스) KIMST, 공공기관 경영평가 A등급…역대 최고 성적 外",2
"포스코, 공급사,협력사,운송사 포괄적 지원",2
"‘ESG’ 없는 기업, 투자유치·장기성장도 없다 [친환경시장 활짝]",0
[단독] ESG채권평가 'All 1등급' 코미디,1
"국민연금, 작년 운용수익률 9.58%...운용역 역대 최대 성과급",1
'A+·A+·A'… ESG 모범생 효성에 조현준 회장 만족 않을 것,2
"LIG넥스원, 코로나19로 유동성 위기 겪는 협력사 위해 상생펀드 조성",2
"풀무원, 유튜브 채널 '영구의 블랙돌' 통해 ESG경영 소개",2
"SK텔레콤, 한국서비스품질지수(KS-SQI) 이동통신 22년 연속 1위",2
"[종합] LG화학, 시장전망치 2배 넘었다...2분기 영업익 2조2308억원, 분기 최대실적 달성",1
달성군시설관리공단 방공기업 경영평가전국 1위,2
"KT, VR 기술로 청소년 '비대면 상담' 지원…거부감 ↓",1
탄소중립 ‘뒷걸음’…화석연료 의존 늘었다,0
"[사설]포스코 '탄소중립', 전 산업으로 확산해야",2
ESG에 치인  업종 러-우 전쟁으로 재평가…투자 유효,1
대기업 조세지원·평가우대로 협력사 ESG지원 유인책 필요,1
"중진공 대전지역본부, 대진하이테크서 전 스마트혁신 지구 현장간담회",1
"국산1호 코로나 백신 개발 SK바사, ESG평가서 전 부문 A등급 이상",2
"삼성생명, ‘착한생수’ 출시…수익금은 아픈 어린이 지원",2
"[단독] 아시아 투자 늘리는 KKR, 韓 ESG기업에 수천억 베팅",1
"LH, 경영효율화,부채감축 위한 비상경영체제 돌입",0
"현대모비스, 친환경 특허 1천건 획득",2
‘콜 몰아주기’ 논란의 카카오모빌리티…‘상생적 혁신’ 강조,2
"기후위기,자원고갈 해결 위해 자원 재활용 통한 순환경제 절실'",1
"통신 3사, 태풍 남노피해 지역 구호,복구 나서",2
“안전한 먹거리 안정적 수급… ‘ESG 경영’은 공사의 정체성',2
디지털 트랜스포메이션 성공 전문 파트너로 국내와 글로벌서 인정받겠다,1
"'가치투자 대가' 이채원, ESG 행동주의 펀드로 복귀",1
성과 중심서 인본주의로 ‘ESG경영 내실화’,1
"ESG 공시의무, 기업부담 고려 점진 도입을'",1
광주도시공사 ‘反부패경영’ 사후 인증 심사 통과,1
"한창바이오텍, 동두천 재개발 PM 추가 수주",1
배당조회 온라인으로 바꿨더니...SKT에 대박 효과 나왔다,1
전기차 핵심소재 ‘동박’…韓제조사 탈한국 말레이행,1
"삼성증권, 업계 최초 MSCI ‘ESG평가’ A등급",2
"SK그룹, 혈액 부족 위기 해결수로 나섰다",2
"[제약] 동아쏘시오홀딩스, 친환경 제약사로…'ESG경영' 앞장",2
"‘주식 먹튀 논란’ 카카오페이, ESG팀 만든다…지배구조 이슈에 중점",2
'ESG는 선택 아닌 생존 문제' 부품업계도 ESG경영 열풍,2
삼성운용 ESG 펀드 2종에 올해 1000억원 넘게 유입,1
"권준학 농협은행장, ESG실천 우수 농식품기업 방문",2
소형모듈원전에 꽂힌 삼성물산…글로벌시장 도전,1
홈플러스 교육기부로 미래 인재 길러요,2
"인터넷은행 중 처음… 카카오뱅크, 유엔글로벌콤팩트 가입",2
[이코노 브리핑] 삼성 양문형냉장고 영국서 최고등급 외,1
"서울시,신한카드, 유망 핀테크 스타트업 육성",2
"휴온스그룹, 동해안 산불 피해 이재민에 성금 2억원 지원",2
"현대엔지니어링, LACP 어워드 2년 연속 대상",2
"해양,물류 관련 취업,창업 토크콘서트 및 일자리 박람회 개최",1
"한국교직원공제회, 사회책임경영 EGS 투자 규모 줄여",0
"[공기업 소식] 조폐공사, AI챗봇 활용해 지역상품권 모바일 상담 外",1
가스공사·자산관리공사 '공공부문 ESG 대표선수',2
'그린벤처' 지원받은 기업들…매출 6% 늘고 고용 23% '쑥',2
[수요광장] 은행의 ESG 책무와 기본금융,1
"여수해경·GS칼텍스, 해양 폐플라스틱 재활용 '공동구매'",2
[정유신의 China Story]미국의 중국 압박 '신무기 ESG',1
"포스코홀딩스, ESG 라운드테이블 개최…룹 전략에 반영",1
"[Biz & Now] JB금융, ESG 미션 선포식 개최",2
"롯데건설, 현장에 장애인 바리스타 카페 운영",2
"LG이노텍, 日 기술력마저 제쳤다…'친환경 마그넷' 개발",2
사회 이슈 대응해야 기업 ESG 리스크 감소,1
대구기업 63% ESG경영 도입 필요…DGB금융 2년 연속 'A+',2
"LG화학, '그린 페스티벌'에 ESG 스타 강사 릴레이 강연",2
"현대차그룹, 中 CSR 車부문 6년 연속 1위",2
"기업 체감 반기업정서, 83.8점...사회적 책임 강화로 극복 도모",1
"美 공급망 강화 압박에…SK, 선제 투자 나선다",1
ESG 채권시장 활황서 소외된 원자재·소비재·운송 기업…SLB가 대안되나 [마켓인사이트],1
"SKB 홈앤서비스, AJ대원과 전기차 충전기 설치 확대",1
"SK, 중국 렌터카사업 토요타에 매각...'재투자 차원'",1
두 마크 차이 아십니까  친환경인 듯 친환경 아닌 인증의 비밀 (그린워싱탐정),1
"공공기관 혁신, 시작부터 제동… ESG 역량 공시 ‘0’",1
"전경련, 매출 위기 놓였던 티오에스 우수자문기업 선정",1
中企 절반 ESG 수준 미흡... 컨설팅 등 촘촘한 지원 필요,1
[World & Now] ESG로 환골탈태하는 美기업,1
최태원도 반한 '아이스크림'…SK 540억 투자한 회사 '잭팟',1
코인도 ESG…이더리움 지실행 속 채굴업 사양길 걷나,1
"삼화페인트, 하리보 전시관에 친환경 도료 지원",2
신학철 “영업비밀 존중은 ESG기본…SK이노에 합당한 배상 받아 낼 것',1
제주대병원 SG경영선포,2
"후위기 대응서울시, 종합병원과 협력…에너지 사용 상위에 병원 19개소",1
"[국감브리핑] 맹성규 ESG 강조하며 '탈석탄'선포한 농협금융, 석탄화력발전 2조 원 투자",1
"금호피앤비화학, OCI와 바이오원료 생산 합작법인 설립",1
文 한국 경제위기 가장 잘 극복 평가...비상경제체제 가동 대처한 결과,1
"스마일게이트, ‘로스트아크’ 통해 게임의 선한 영향력 확대 앞장",2
"LH, ESG경영 도입·주거복지 혁신…“신뢰받는 플랫폼으로 거듭날것'",2
"환경부, 환경기업 대상 민간투자 지원 확대",2
"LGU 임직원 1100여명, 상 속탄소중립 챌린지 참가",2
"손병환 회장 대출 부실 대비 충당금 1,089억 적립…리스크 관리에 중점",1
삼성전자 3년내 의미있는 M&A 추진…파운드리 투자 상시 검토 [종합],1
"심정지 승객 구하고 마약 수사에 기여… 카카오모빌리티, 택시 기사 2인 표창",2
ESG는 사기 일각선 “탄소세는 개도국 기업 견제 목적',1
"경북 포항시, 포스코케미칼 음극재공장 1단계 준공",1
"KT, AI 관제로 도서산간 지역 통신장애 잡는다",2
척만 하네비난 커지자… 이젠 친환경 숨기는 기업들,0
"녹색과 非녹색, 정의(定義)하지 않으면 이행도 불가능하다",1
SK에코플랜트 업계 최초 5년 연속 동반성장지수 최우수 선정,2
금호석화 경영권 분쟁 2라운드…박철완 자사주 소각 주주제안,0
회계법인 빅4 매출 2조 돌파…삼일·삼정 두자릿수 성장세,1
"美 테슬라, 호주에서 1조원치 전기차 배터리 원료 수입 늘린다",1
제조원가 상승 압박에…시멘트 가격 5.1% 오른다,1
"남양유업, 2025년 플라스틱 2000톤 감소",2
ESG 골머리 앓는 中企…해결사로 나선 '클라우드 ERP',1
"대외 의존도 높은 한국 기업, ESG경영 서둘러 '新무역장벽' 돌파해야",1
삼성 반도체 폐기물로 현대제철 쇳물 뽑는다,1
"삼진제약 프라 확충,ESG 경영 내재화 등 도약 다짐",2
"ESG 책임투자 한다더니…“국민연금, 군수·환경오염 유발 기업 투자액 증가'",0
"부산도시공사, 지난해 매출 줄고 사회공헌 늘어",2
"쌍용C&E, 비상경영체제 돌입",0
인천공항공사 ‘ESG 경영혁신’ 선포,2
ESG 모른다 소액주주 뺨때린 동원산업...대주주 이익만 챙긴다,0
"삼성카드, ESG채권 발행해 중소가맹점 지원",2
"반도건설, 협력사와 온택트 간담회 개최…위드코로나 대비 ESG 상생경영 추진",2
"한국주택협회, 노인복지시설에 후원금 전달",2
“글로벌 ‘뉴노멀’ ESG…‘자본주의 대전환’ 기회 놓쳐선 안된다',1
"시민단체 민연금, 환경참사 재발 방지에 기여해야",1
'ESG스타트업'에 대기업 군침,1
"현대자동차그룹, 탄소중립,인권 보호,안전 강화 ‘ESG 경영’ 박차",2
[위기를 기회로!] CO₂포집기술 연구개발 등 ESG경영 가속,2
글로벌 시장 ESG 리스크…ESG 강화 안하면 경영진 갈아 치울 것,1
"식기세척 스타트업 뽀득, 한국이콜랩과 환경 세제개발,도입",2
"SK매직, 2022 레드닷 디자인 어워드 3개 부문 석권",1
"SK넥실리스, 국내 업계 최초 '폐기물 매립 제로' 인증",2
"GS칼텍스, 네슬레코리아 손 잡고 탄소 저감 나선다",2
폐페트병으로 만든 운동화 성동구 재활용 선별작업자 신발된 사연?,1
"[클릭 e종목]현대제철, 여전히 저평가·올해 호실적 '목표주가 17%↑'",1
"무디스, 韓 생보사 전망 ‘부정적’에서 ‘안정적’으로 상향[인더머니]",1
"메디컬아이피, 200억원 규모 투자 유치…동아쏘시오홀딩스와 파트너십",1
"SK텔레콤, AI로 어르신 안부 확인...'누구 돌봄 케어콜' 선보여",2
"수자원公, 임대료 최대 50% 감면 설 맞아 나눔 실천",2
"한미글로벌, ESG 평가 5년 연속 AA등급",2
경고음 커지는 자본주의… 지속 가능한 발전을 모색하다,1
유럽 에너지 위기와 탄소중립 딜레마,1
4차 산업혁명서 소외 롯데 '숨은 진주'는 정밀화학·알미늄,1
"카카오, 제주서 계열사 협업 공간 카오 제주아지트조성…IP파크 조성 등 지역상생 추진",2
시멘트 업계 공급 차질 막고 수급 문제 없게끔 할 것,1
"자연은 절대 용서하지 않아 반기문, ESG 경영 거듭 강조",1
안전보건경영체제 적극 도입해야,1
대기업 재활용시장 진출...중기계 적합업종으로 보호해야,1
"SK지오센트릭, ESG행보…3배 비싼 '친환경 나프타' 도입",2
"국민연금, ESG 문제기업에 '공익 사외이사' 선임 논의 연기",1
"(이코노 브리핑) SKT,LGU 기후변화 대응 A등급 외",2
"탄소중립,ESG경영,시대 변화의 거센 파도…공기업, 혁신으로 넘는다",2
"삼성전자 반도체 폐기물, 현대제철 쇳물 불순물 잡는 대체재로 환골탈태",2
[사이언스] 친환경 에너지(풍력·수소) '폐기물 난제'…재활용 소재 R&D 속도낸다,2
4년간 242% 급성장했지만…ESG 금융생태계 구축 시급,0
[동십자각] 탄소 중립 '원푸드' 다이어트,1
ESG 바람 타고 사회문제 해결 스타트업에 '뭉칫돈' 몰린다,2
삼성웰스토리 “2년 내 음식폐기물 20% 줄인다',2
재활용 대신 벌금으로 때운 '친환경 경영',0
"LG에너지솔루션, 지멘스와 스마트 공장 '제조 지능화' 맞손",1
"이통3사, '전기먹는 하마' IDC 에너지 절감 나선다…친환경 솔루션 도입",2
"아동,청소년 초청 야구관람 행사",1
공공기관 최초 ESG 경영 나선 농어촌공사의 '3가지 실천',2
"[차관칼럼] 중소기업 ESG, 위기를 기회로",2
"SK하이닉스, 기술혁신기업에 '에코에너젠' 선정…용수 재활용 기술 공동 개발",2
최태원 SK그룹 회장 “ESG 경영으로 국제위기 해결해야',1
개발도상국 산림 복원 ‘REDD’ 사업에 롯데케미칼 등 참여,2
(위기를 기회로) 직접 제작한 ESG 다큐멘터리 ‘B tv 케이블’서 방영,2
KTB투자증권 2021년 주주환원 확대…ESG 강화할 것,2
"[종합] 최태원·최정우·배재훈, P4G 비즈 포럼서 “ESG경영 중요' 한목소리",1
E1·SK가스 LPG만으론 한계 사업다각화 속도,1
제도 없는 ESG ‘친환경’ 대신 ‘불법’,0
"[마켓인사이트]'ESG 투자처'로 각광받은 대경오앤티, 돌연 매각 연기된 이유는",1
"[마켓인사이트]국민연금, 현대차·기아 주주활동 4개월만에 재착수",1
親환경 경영서 이젠 ‘必환경 경영’으로,1
"현대ENG, 지속가능경영보고서 LACP 대상 수상",2
"폐어망으로 갤럭시 만든 삼성전자, 탄소배출 25% 감소",2
내부준법 시스템 도입으로 ESG 리스크 관리해야,1
국민은행 잔반 제로…추석명절 음식물쓰레기 줄이기 활동 실천,2
"LX공사, 상생지락으로 혁신성장 주춧돌 마련",2
최태원 SK 회장 ESG 측정 성과 달성이 한미관계 근간돼야,1
'음쓰' 소멸 나선 편의점…음식물 쓰레기 양 95% 감소,2
"삼성바이오에피스, 첫 '지속가능경영 보고서' 발간",2
기관과 손잡고 환경교육사업 매진',1
"SK스토아, K와 함께하는 2022 SK행복나눔 김장행사 진행",2
비대면 반영한 고객 체감 서비스 품질 수준 예년보다 올라,2
"기후위기를 기회로, 지질자원 탄소중립기술 (기고)",2
"기아, 車 계기판 협력업체와 손잡고 불량률 20% 낮췄다",2
"현대제철, 차강판 수익성 방어 역할 톡톡 수(유안타증권)",1
부산기업 ESG 준비 미흡…성화 지원 거버넌스 구축해야,0
ESG가 낯설다고? 전 세계에서 ESG에 4경 원 투자!,1
"GS그룹, 美 유전개발 9년만에 철수...“탈탄소 경영 확대'",2
우크라 사태로 재생에너지 전환 속도… 수소기업 집중투자 (이런 펀드 어때요 ),2
"컴투스홀딩스, ‘의료기금 확보난’ 동명아동복지센터 후원",2
"한화건설, 2분기 실적↑ 한화 합병 기대감 고조",1
[시그널]ESG 프리미엄 붙어…대경오앤티 몸값 '쑥',1
"무협 “EU 수출기업, ESG 경영 강화해야'",1
환경·사회적 책임 외면 땐 도태… ‘착한 기업’이 살아남는다,1
"한화투자증권, ‘2022 지속가능경영보고서’ 발간",2
"몸값 치솟는 폐기물 처리업체, M&A 시장서 ‘각광’",1
공항과 환경보호,1
삼척 삼표시멘트 환경개선 설비 260억원 투자,2
"HMM, ESG 경영 글로벌 평가기관서 '실버' 등급...국내서는 'A'",1
최태원 회장 ESG는 기업 경쟁력의 척도,1
"전기 먹는 공룡 삼성전자, 탄소 중립,RE100 뒤늦게 동참",2
"황창화 지역난방공사 사장, ESG 경영 매진...기업,사회적 성과 창출할 것",2
이케아의 ESG경영…협력사 절반은 친환경업체로,2
"중진공, 대구경북 섬유,패션 중기와 ESG 소통 간담회",1
ESG에 진심인 테마섹 ‘위험’ 아닌 ‘가치’를 보다,1
중대재해처벌법 시행 앞두고 '안전조직 키우기' 분주한 기업들,1
"SK에코플랜트, 1분기 부채비율 큰 폭 감소…재무안정성 개선",2
"화학업계, 신재생사업 재편속도…수소사업 진출 등(종합)",2
"카카오, 국내외 ESG 평가 성적 '개선'",2
"(신통이의 신문 읽기) 지구촌 기후 이변, 탄소배출 줄여달라는 SOS",1
"한미글로벌, ESG 평가서 최고 등급 A받아",2
CJ제일제당 2050 탄소중립 실현 선언…위기이자 기회,2
"베트남 탄소중립 활발..케이파워, K바이오매스에 러브콜",1
"ESG 자율공시 증가세, 국제표준 활용·공개항목 '양호'",1
[모십니다] 대한민국 ESG 경영대상 민간부문,1
"전자담배 글로, 일반 담배연기보다 에어로졸 흡입 최대 95%가량 적어'",1
"대구가톨릭대-국민건강보험공단, SG 경영실천MOU",2
"삼성SDI, 3분기 매출 5조,영업이익 5000억 돌파…대 최대",1
"딜리온그룹, 소상공인연합회 광주광역시지회와 '스마트 시티' 구축 협약",1
"슈나이더 일렉트릭, 중장기 지속가능성 영향 목표 발표…ESG 경영 실현 가속",2
"전경련, 하반기 미국에 ESG 투자사절단 파견",1
"삼성 CEO들과 위기의식 공유…지배구조 개편,ESG경영 가속",2
2031년까지 원료 206만t 밀폐화 [지속가능경영 준비하는 대기업],2
"LG이노텍 경북 구미사업장, 폐기물 매립 제로 '플래티넘'",2
"한국IDC, 아태지역 ESG 주요 10대 전망 발표",1
공유 전기자전거 ‘T 바이크’·제로 웨이스트 상품…‘그린 디지털’ 앞장,2
삼성전자 빅데이터·AI 강화해 포스트 코로나 대비,1
삼성전자 ESG 홍보영상 '내일도 애쓰지' 인기몰이,2
ESG 금융채 잔액 5개월새 67%↑,1
"[시그널] 아주IB투자, 소방밸브업체 우당기술산업 350억 원에 인수",1
"LG유플러스, 지난해 영업익 9790억…사 이래 최대",1
"코이카, ‘ESG 경영실천’ 선포… 후위기 대응,상생발전,준법경영 강화",2
"협력사 화재,안전사고 예방 지원까지...전자업계 부는 ESG 바람",2
[사설] 동남권 기업들의 ‘ESG 전환’ 성장 기회로 삼아야,1
"푸본현대생명, 코로나19로 중단됐던 대면봉사활동 재개",2
"세종시설공단, 세종 꿈나무 에너지 교실",1
"하나은행, 환경파괴 사업엔 대출 중단 등 ESG경영 강화",2
"환경·안전 책임 강화…포스코, 이사회 산하 'ESG위원회' 신설",2
"[마켓인사이트]운용수익 높이고 부실사업 정리한 군인공제회, 글로벌 금융위기 이후 최대 흑자",1
"(리더스클럽)동아에스티, 주주환원,사회공헌 확대…ESG경영 강화",2
[OBS 비즈투데이] 에어택시 서울 도심 비행 '성큼' 外,1
"롯데홈쇼핑, 지속가능성지수 3년 연속 1위 수상",2
"코로나19로 가라앉았던 항공산업, ‘상생’ 날개 달고 다시 ‘이륙’",1
"중진공, 글로벌 신용등급 ‘Aa2’…국가등급과 동일",1
"펫티켓 서약해 모은 사료, 유기동물 보호소에 기부",2
SKT 뇌톡톡 치매 예방효과 입증...지자체 부담 줄일 것,1
"시민 접근성 확대 위해… 광명업사이클아트센터, 어린이 업사이클 가죽공예 체험 교육 프로그램 운영",1
"현대제철 “버려지던 패각, 자원으로 탈바꿈'",2
"동반성장위원회-한국농어촌공사, (2022년도 협력사 ESG 지원사업)협약 체결",2
"비금속광물업계 탄소저감,연료전환 시설 비용 지원 절실",1
제주개발공사 경영실적 개선,1
"SK하이닉스, 중장기 추진계획 ‘SV 2030’ 로드맵 발표",1
"경기환경운동연합 국민연금, 석탄 투자 즉각 중단하라",0
"[특별기고] 기업의 사회적 책임, 국가·사회와 ‘다자협력’으로",1
"소진공, 코로나19 직격탄 맞은 대전 공연업계 지원",1
디지털 혁신·ESG 투자 등 새로운 가치 잇는 금융투자 파트너로 도약,1
"국민은행, 美 8억4000만달러 규모 PF 공동주선",1
"대구도시공사, 지방 공기업 경영평가 ‘우수’",2
"콜마BNH, 업계 최초 녹색전문기업 인증",2
"한화솔루션, 1700억 투자한 합성가스 상업생산 개시",1
"한화생명 예상 웃돈 실적...1분기 순익 1942억, 전년比 306%↑",1
"오비맥주, 결식우려 아동 1700명에 1000만 원 상당 간식 전달",2
"SK스토아, 올해 품질사고 '제로'…예방교육 정례화",2
"우리금융, 캄보디아 산림 보전 나서...드플러스 타당성 조사실시",2
벤처 투자 전용 1兆 펀드 만든다,1
삼성SDI 심해저 광물 채굴 안한다,2
"네오밸류-EMP벨스타, 환경 콜드체인 복합 물류센터설립 업무협약 체결",2
"LG에너지솔루션, ESG 경영 본격화...'ESG 위원회' 신설",2
유럽 ‘ESG 준수’ 수출업체까지 강화…부산 중소기업 비상,1
"신한라이프, ‘ESG 위원회’ 신설",2
"ESG 소홀땐 신용등급 깎인다…건설,정유,시멘트 업계 장",1
"친환경 포장재 ‘그린실드’, 가치소비 민심 저격",2
<북리뷰>자본주의 위기에 불타는 세계… 생존하려면 ‘ESG 경영’ 하라,1
"제주항공 ESG, 'B+' 획득…지난해 대비 1단계 상승",2
친환경 경영 가속도 붙이는 SK스토아,2
"보험사, 막대한 손실 '대체투자'…ESG로 돌파구 찾는다",2
"국내 대기업, 5년 새 오염물질 절반으로 줄어…한국남동발전이 감축량 ‘1위’",2
증권사 1조클럽 이어 회계법인도 '활짝'... 연매출 1조 달성 비결은,1
환경파괴·인권침해 사업엔 대출 안합니다 [전방위로 확산되는 ESG],1
"홈플러스 문화센터, 교육기부로 미래인재 양성",2
콘진원 공공기관 안전활동 수준 평가 A등급,2
"[ESG 경영시대]두산그룹, 주력 계열사 친환경 사업 매진",2
"KT, 'ESG 경영실천을 위한 노사 공동선언'",2
"산업교육연구소, 성공적 ESG 경영 위한 세미나 개최",1
"세계 유일 ‘기후위기’ 영화제, 11일 부산서 개최",1
'메리츠 3총사' 배당축소 충격 딛고 훨훨,1
지지부진 증시에도 ESG펀드에 뭉칫돈…수익률도 선방,1
"서울시, 일반가정 친환경보일러로 교체…남도는 미래차 전환 기업 200곳 육성",2
중소기업계 거래처로부터 ESG 평가 요구받지만 지원은 턱없이 부족,1
"롯데푸드, 업계 최초 영업용 차량을 전기차로 교체",2
"AI로 폐기물 분류 ACI에 롯데,SK 등 러브콜 쇄도 (시그널)",1
LGU ‘개구리 사다리’ 설치…멸종위기 양서류 지키기나서,2
"박형덕 서부발전 사장, 글로벌 품질경영인 상수상",2
위기극복 합심한 SK이노 노사… 단 20분만에 임협 전격 타결,2
"[단독] 국민연금, ESG 반영해 거래 증권사 선정하겠다",2
천안시설관리공단 출범 10년 ESG 경영으로 직원들 주인의식 함양하겠다,2
포스코케미칼 홈페이지 재단장 “소재 사업 알리기 주력',1
"이낙연 경제 '3중 폭격', 글로벌 톱3 기업에 세액공제 최대 50% 적용",1
"농협,멸종위기종복원센터, 농촌 일손돕기 봉사",2
CJ제일제당 “'지속가능경영' 위기극복 화두...실행 의지',2
"소진공, 코로나19 직격타 맞은 원도심 공연업계 돕는다",1
(기업) LG디스플레이 사무동 사용전력 100% 재생에너지로,2
[헤럴드시사] ‘성실성 추정제도’ 방위산업의 신뢰와 가치를 높이다,2
하나금융 ‘탄소중립’ 선언… 환경·인권침해 사업 지원 안한다,2
"SKC, 英 이네오스와 친환경 화학소재 사업 협력",2
"광주은행, '코로나 악재' 뚫고 당기순이익 1602억원 달성",1
"계명대, 지속 가능한 성장 위해 ESG경영 도입",2
"ESG 속도내는 LX세미콘, 임직원 1600명이 쓰레기 주운 까닭은",2
"쇳물 순도 높이고, 수입 대체하고…‘반도체 찌꺼기’의 대변신",2
"KT&G, ESG 부문 국무총리 표창",2
"제약바이오협 제약,바이오, 디지털 전환 빨라지고 있어",1
"[종합] SKC, 코로나19 불구 모든 사업 흑자···매출·영업익 대폭 개선",1
내년 ICT 수출 8.3% 증가 전망,1
'必환경' 나선 패션뷰티...재생 소재 적용 박차,2
산자부 해상풍력 발전소 허가에 청주 광림 주가 한가,1
ESG 회사채 발행 러시…벌써 9조 '지난해의 2배',1
“ESG는 급성장 중인 시장… 2020년 세계 투자액 35조弗' [2021세계금융포럼],1
"반도체 배관사 인력난…삼성, 인재양성 돕는다",2
카카오 1분기 역대 최고 실적…매출 1조 2580억·영업익 1575억,1
"SK이노베이션, 항공유 생산 시 발생하는 폐기물 100% 재활용",2
"HMM, 물동량 감소에도…1분기 역대 최고 실적",1
삼성물산-우리은행 멸종위기 한국호랑이 보호 '맞손',2
대학들 속속 'ESG' 가치 도입…위기를 기회로,2
"위기의 SPC, 내년부터 경영체계 ‘ESGS’로 바꾼다'",2
"NIA 노사, 6년만에 단체협약 극적 타결",2
"네덜란드연기금, 아파트 붕괴사고 현산에 ‘안전경영’ 주주제안",2
"“ESG 경영 등급 평균, 일본·미국·한국 순'",1
구호만 거창한 ESG…정부 주도 표준화는 신중히,1
"한국타이어, CDP 기후변화대응 '탄소경영 아너스' 선정",2
에너지 기업들의 결자해지…탄소중립 동맹 맺었다,2
SK텔레콤 협력사에 중대재해처벌법 컨설팅 제공,2